temperature,humidity,hour,is_holiday,demand
29.0,74.6,0,0,6104.0
23.9,40.6,1,0,5560.0
30.2,42.2,2,0,5593.0
37.2,68.7,3,1,5612.0
23.1,59.0,4,0,5792.0
23.1,53.2,5,0,6163.0
37.6,75.2,6,0,7537.0
31.1,62.8,7,0,7420.0
21.2,60.8,8,0,7390.0
29.3,71.7,9,0,8234.0
21.3,54.4,10,0,8746.0
21.3,83.5,11,0,9049.0
26.9,48.2,12,0,10215.0
9.7,69.9,13,0,10345.0
11.2,81.5,14,0,10212.0
20.5,39.3,15,0,10182.0
16.9,54.8,16,0,10301.0
27.5,77.1,17,0,10115.0
17.7,77.4,18,0,9910.0
13.7,57.4,19,0,8966.0
36.7,49.0,20,0,9987.0
23.2,74.3,21,0,7694.0
25.5,77.8,22,0,7466.0
13.6,42.5,23,0,6778.0
20.6,41.9,0,0,6690.0
25.9,63.4,1,0,5612.0
15.8,69.4,2,0,5956.0
28.0,55.5,3,0,5260.0
20.2,70.2,4,0,5416.0
22.7,49.3,5,0,5586.0
20.2,28.3,6,0,6353.0
39.8,53.6,7,0,8338.0
24.9,60.9,8,0,7109.0
16.5,55.9,9,0,8041.0
31.6,42.6,10,1,7749.0
15.2,32.8,11,0,9208.0
26.7,52.3,12,0,9665.0
9.3,73.5,13,0,10444.0
14.4,78.8,14,0,10347.0
26.6,77.8,15,0,10561.0
30.9,47.8,16,1,9283.0
26.4,42.7,17,0,9859.0
24.1,67.4,18,0,9807.0
22.6,69.5,19,0,9069.0
13.2,66.0,20,0,8603.0
19.2,29.8,21,0,8061.0
21.3,47.0,22,0,6991.0
33.5,59.6,23,1,5797.0
27.7,67.3,0,0,6485.0
10.9,71.5,1,0,5789.0
27.6,62.2,2,0,5559.0
21.9,65.0,3,0,5633.0
19.6,61.3,4,0,5605.0
29.9,70.3,5,0,6289.0
33.2,64.7,6,0,7080.0
32.5,61.0,7,0,7507.0
18.3,56.0,8,0,7238.0
22.5,61.2,9,0,8039.0
27.7,67.3,10,0,8842.0
32.8,64.0,11,0,9807.0
21.2,65.7,12,1,8380.0
23.5,80.1,13,0,10068.0
16.1,64.0,14,0,10465.0
15.4,50.3,15,0,10426.0
31.5,73.3,16,0,10837.0
35.8,39.5,17,0,11326.0
24.4,43.8,18,0,9940.0
33.0,65.0,19,0,10001.0
27.9,67.7,20,0,8717.0
19.8,41.3,21,0,7926.0
27.9,54.3,22,0,7693.0
37.3,50.9,23,0,8324.0
24.7,52.7,0,0,6318.0
37.5,74.2,1,0,7325.0
4.0,70.6,2,0,5877.0
31.6,59.7,3,0,6015.0
25.7,51.8,4,0,5325.0
22.6,39.8,5,0,5936.0
25.7,81.3,6,0,6541.0
9.1,68.9,7,0,7118.0
23.2,49.4,8,0,7357.0
27.9,70.8,9,0,8009.0
36.8,58.9,10,0,10049.0
20.9,55.7,11,0,9147.0
18.5,66.5,12,1,8300.0
21.0,48.9,13,0,10061.0
32.3,54.8,14,0,11169.0
27.6,61.8,15,0,10545.0
20.8,52.5,16,0,10480.0
29.1,70.0,17,0,10203.0
25.8,88.0,18,0,10082.0
32.7,48.7,19,0,10009.0
19.4,35.0,20,0,8671.0
22.4,30.0,21,0,7848.0
21.9,57.7,22,0,7359.0
13.3,50.1,23,0,6823.0
27.4,63.1,0,0,6145.0
27.1,62.0,1,0,5863.0
25.0,36.0,2,0,5649.0
23.1,32.8,3,0,5611.0
13.7,64.4,4,0,5329.0
21.6,62.0,5,0,5894.0
22.3,53.6,6,0,6227.0
18.6,35.1,7,0,6796.0
23.7,67.1,8,0,7586.0
28.2,79.1,9,0,8445.0
40.1,64.2,10,0,10570.0
26.4,47.3,11,0,8953.0
27.1,60.7,12,0,9628.0
24.4,39.5,13,1,8698.0
9.6,75.9,14,0,10415.0
24.8,61.2,15,0,10597.0
25.5,33.5,16,0,10299.0
44.7,55.5,17,0,12512.0
23.5,66.9,18,0,10048.0
27.4,55.0,19,0,9212.0
24.7,55.9,20,0,8418.0
15.7,41.6,21,0,8295.0
34.1,68.5,22,0,8001.0
31.0,50.3,23,0,6553.0
31.3,27.7,0,0,6956.0
17.7,54.4,1,0,6104.0
36.2,74.7,2,0,6998.0
13.8,54.2,3,0,5340.0
29.7,86.1,4,1,4424.0
42.5,66.4,5,0,8044.0
17.1,65.1,6,0,6195.0
20.5,58.1,7,0,7082.0
25.8,59.0,8,0,7170.0
21.0,56.0,9,0,8063.0
12.6,55.5,10,0,8860.0
25.5,68.0,11,0,9276.0
16.5,46.0,12,0,9945.0
28.8,43.9,13,0,10310.0
17.6,43.2,14,0,10404.0
37.4,90.7,15,0,11883.0
18.7,68.0,16,0,10441.0
22.4,64.6,17,0,10001.0
31.5,44.1,18,0,9963.0
15.2,69.4,19,0,9391.0
26.8,58.3,20,0,8854.0
35.5,63.2,21,0,9169.0
12.1,45.4,22,1,5769.0
26.5,62.4,23,0,6488.0
27.1,53.6,0,0,6320.0
31.3,48.5,1,0,6140.0
15.1,71.0,2,0,5384.0
14.4,36.9,3,0,5596.0
29.2,68.5,4,0,5705.0
27.4,70.3,5,0,5991.0
27.0,46.8,6,0,6271.0
27.8,47.7,7,0,6679.0
19.6,56.7,8,0,7038.0
26.9,64.2,9,0,7829.0
27.3,57.7,10,0,8458.0
19.3,66.5,11,0,8955.0
39.9,86.4,12,0,11420.0
28.8,52.4,13,0,9968.0
15.5,34.3,14,0,10285.0
30.3,72.4,15,0,10786.0
17.2,85.2,16,0,10153.0
31.3,65.9,17,0,10658.0
34.3,43.7,18,0,10365.0
18.4,58.1,19,1,7478.0
32.7,43.2,20,0,9305.0
28.3,69.6,21,0,8183.0
31.6,39.7,22,0,8089.0
40.2,55.5,23,0,8949.0
23.0,44.9,0,0,6228.0
19.0,61.9,1,0,5896.0
17.9,54.5,2,0,5475.0
18.5,62.7,3,0,5349.0
24.4,60.3,4,0,5727.0
27.7,45.2,5,0,5766.0
27.2,69.4,6,1,5049.0
31.6,59.3,7,0,7050.0
25.1,45.2,8,0,7476.0
36.6,93.6,9,0,9093.0
22.9,67.1,10,0,8457.0
46.8,57.7,11,0,12122.0
30.0,81.2,12,0,9863.0
18.1,87.6,13,0,9975.0
16.4,57.8,14,0,10156.0
28.9,65.2,15,0,10886.0
23.2,45.2,16,0,10195.0
30.7,57.8,17,1,8996.0
28.8,57.0,18,0,9775.0
24.4,62.8,19,0,9244.0
18.2,65.0,20,0,8498.0
12.9,68.4,21,0,7960.0
21.4,63.6,22,1,5958.0
31.9,41.8,23,0,7205.0
26.7,45.9,0,0,6521.0
15.0,51.8,1,1,4659.0
26.4,55.8,2,0,5803.0
28.1,75.8,3,0,5626.0
17.9,42.6,4,0,5084.0
26.2,54.6,5,0,6006.0
25.5,74.3,6,0,6225.0
15.9,55.5,7,0,6751.0
27.9,66.9,8,0,6999.0
29.5,57.9,9,0,8322.0
33.7,63.9,10,0,9181.0
33.4,56.6,11,0,10038.0
14.0,70.0,12,0,9878.0
17.5,36.8,13,0,9985.0
29.1,54.6,14,0,10729.0
29.1,64.4,15,0,10417.0
29.1,68.0,16,0,10606.0
55.8,82.4,17,0,13991.0
29.6,54.1,18,0,10138.0
34.1,82.2,19,0,10288.0
32.6,50.1,20,0,9410.0
30.2,79.9,21,0,8253.0
22.5,72.3,22,0,7098.0
31.1,46.3,23,0,7183.0
18.8,64.6,0,0,6525.0
23.1,59.2,1,0,5948.0
21.1,69.4,2,0,5371.0
25.7,56.7,3,0,5375.0
43.5,55.4,4,0,8260.0
10.1,80.5,5,0,6019.0
30.5,58.5,6,0,6430.0
12.1,72.4,7,1,4947.0
21.2,56.6,8,0,7254.0
33.7,85.0,9,0,8486.0
25.5,49.8,10,0,8590.0
16.4,50.8,11,0,9690.0
19.3,82.9,12,0,9378.0
30.4,53.3,13,0,10407.0
19.2,84.0,14,0,10581.0
26.7,73.4,15,0,10550.0
25.4,57.7,16,0,10288.0
19.8,32.8,17,0,10049.0
42.2,59.7,18,0,11589.0
30.1,61.5,19,0,9457.0
8.8,77.5,20,0,8670.0
26.5,83.8,21,0,8221.0
19.7,49.7,22,1,5755.0
31.8,72.0,23,0,7335.0
18.7,71.5,0,0,6113.0
24.1,76.1,1,0,5967.0
29.0,67.5,2,0,5995.0
31.9,30.9,3,0,6315.0
15.4,57.7,4,0,5448.0
22.3,42.7,5,0,5951.0
21.2,57.0,6,0,6167.0
19.8,74.7,7,0,7002.0
39.1,64.6,8,0,9015.0
28.2,77.2,9,0,7732.0
14.9,65.1,10,0,8577.0
32.3,40.5,11,0,9943.0
42.0,22.2,12,0,11842.0
33.3,62.2,13,0,10765.0
12.8,56.8,14,0,10201.0
21.1,45.3,15,0,10202.0
35.1,34.5,16,0,11310.0
19.3,49.0,17,0,9907.0
28.6,57.1,18,0,9974.0
31.2,70.0,19,0,9499.0
17.6,62.8,20,0,8646.0
24.5,84.1,21,0,8011.0
-0.9,44.5,22,0,7568.0
16.8,73.2,23,0,7018.0
23.0,60.7,0,0,6442.0
15.0,70.4,1,0,5992.0
38.1,53.5,2,0,6981.0
13.6,76.1,3,0,5386.0
21.5,64.4,4,0,5513.0
26.0,49.8,5,0,6072.0
36.5,59.8,6,0,7597.0
13.5,56.4,7,0,6974.0
34.3,67.3,8,0,8525.0
25.1,42.3,9,0,7855.0
17.1,59.6,10,0,8628.0
28.7,65.9,11,0,9302.0
26.6,60.5,12,0,9631.0
20.2,80.2,13,0,9971.0
25.6,71.6,14,0,10555.0
21.9,59.9,15,0,10410.0
25.9,63.3,16,0,10321.0
30.3,64.4,17,0,10262.0
37.7,66.0,18,0,11285.0
15.1,32.6,19,0,8999.0
42.1,55.5,20,0,10822.0
9.4,37.7,21,0,8096.0
23.8,79.2,22,0,7296.0
29.7,59.1,23,0,7120.0
27.2,57.1,0,0,6340.0
20.0,73.5,1,0,5914.0
23.3,66.3,2,0,5684.0
21.1,43.1,3,0,5612.0
20.3,58.9,4,0,5708.0
31.8,55.0,5,0,6503.0
27.9,33.8,6,0,6082.0
19.5,49.6,7,0,6770.0
32.2,57.2,8,0,8061.0
27.5,58.3,9,1,6519.0
31.5,37.8,10,0,9337.0
30.0,77.3,11,0,9630.0
18.4,58.5,12,0,9523.0
20.5,60.6,13,0,10045.0
31.0,66.0,14,0,10703.0
29.9,48.2,15,0,10682.0
24.8,66.8,16,0,10318.0
25.9,54.5,17,0,10201.0
35.2,46.6,18,0,10816.0
20.3,68.6,19,0,9446.0
29.4,82.4,20,0,8876.0
23.4,70.9,21,0,7834.0
23.3,73.8,22,0,7285.0
33.8,52.2,23,0,7789.0
31.6,36.0,0,0,6521.0
31.5,82.4,1,0,6179.0
35.4,90.8,2,0,6800.0
25.2,83.1,3,1,4290.0
30.5,55.0,4,0,6312.0
22.5,42.7,5,1,4378.0
27.6,44.0,6,0,6515.0
24.0,34.7,7,0,6814.0
25.8,58.4,8,0,7073.0
29.8,84.1,9,0,8263.0
18.5,57.9,10,0,8497.0
41.7,64.5,11,0,11445.0
17.0,80.6,12,0,9692.0
15.3,53.9,13,0,9823.0
34.3,90.5,14,0,10958.0
31.3,89.9,15,1,9396.0
30.0,58.0,16,0,10133.0
30.0,51.3,17,0,10279.0
24.9,70.5,18,0,9743.0
17.8,54.8,19,1,7489.0
25.6,42.7,20,0,8820.0
19.6,79.2,21,1,6738.0
32.8,78.2,22,0,7896.0
23.8,62.3,23,0,6740.0
18.4,41.1,0,0,6502.0
22.4,41.6,1,0,5921.0
28.3,61.6,2,0,5448.0
20.5,52.5,3,0,5571.0
18.4,54.9,4,0,5511.0
26.9,75.3,5,0,6143.0
27.0,71.0,6,0,6424.0
20.9,80.7,7,0,6737.0
21.2,45.1,8,0,7407.0
26.9,54.9,9,0,7738.0
13.4,71.4,10,0,8470.0
13.7,66.7,11,0,9511.0
19.3,83.0,12,0,9708.0
23.3,66.3,13,0,10264.0
27.5,87.7,14,0,10365.0
36.8,68.1,15,0,11983.0
31.9,75.9,16,0,10498.0
23.7,55.1,17,0,10041.0
24.8,60.2,18,0,10026.0
17.0,73.7,19,0,9391.0
24.9,84.2,20,0,8886.0
22.7,70.9,21,0,7999.0
27.6,58.8,22,1,5771.0
18.4,80.7,23,0,6595.0
29.2,27.1,0,0,6257.0
37.3,38.7,1,0,7472.0
24.1,70.2,2,0,5784.0
28.2,60.2,3,0,5619.0
30.5,69.1,4,0,6162.0
21.8,61.0,5,0,5950.0
26.8,68.6,6,0,6495.0
25.1,47.8,7,0,6991.0
25.8,68.6,8,0,7166.0
18.8,74.9,9,0,8055.0
25.2,78.3,10,0,8287.0
29.0,90.2,11,0,9374.0
36.6,63.7,12,1,9609.0
32.7,64.1,13,0,10517.0
42.2,37.2,14,0,12369.0
18.9,52.0,15,0,10402.0
32.0,57.1,16,0,10962.0
26.5,75.8,17,0,10023.0
42.5,50.8,18,0,11640.0
18.5,71.9,19,0,9189.0
18.3,60.0,20,0,8291.0
20.2,57.3,21,0,7953.0
8.0,63.7,22,0,7291.0
20.8,54.1,23,0,6773.0
18.9,53.6,0,0,6191.0
26.2,34.4,1,0,5620.0
27.7,56.3,2,1,4109.0
40.0,52.8,3,0,7588.0
32.6,52.3,4,0,6625.0
20.4,66.3,5,0,6409.0
17.8,69.9,6,0,6641.0
28.9,63.5,7,0,6701.0
14.4,74.9,8,0,7297.0
39.7,68.6,9,0,9743.0
34.4,55.6,10,0,9569.0
21.2,53.1,11,0,9214.0
11.3,64.7,12,1,8679.0
35.8,68.6,13,0,11037.0
24.1,81.0,14,0,10176.0
34.9,77.9,15,0,11764.0
12.2,51.9,16,0,10195.0
20.2,58.5,17,0,10157.0
25.0,70.1,18,0,9904.0
25.4,76.0,19,0,9297.0
21.4,74.1,20,0,8660.0
30.0,59.0,21,0,8485.0
16.5,41.2,22,0,7200.0
23.9,45.0,23,0,6701.0
26.0,64.1,0,0,6410.0
29.1,65.1,1,0,5675.0
30.7,43.5,2,0,6369.0
16.0,60.7,3,0,5661.0
12.7,69.5,4,0,5712.0
35.2,42.7,5,0,6679.0
27.7,76.6,6,0,6046.0
19.0,54.3,7,0,6720.0
37.4,78.9,8,0,8952.0
25.9,52.0,9,1,6085.0
34.4,44.6,10,0,9744.0
25.5,53.1,11,0,9128.0
41.5,58.6,12,0,11675.0
39.0,54.2,13,0,11786.0
23.0,56.8,14,0,10372.0
32.8,65.0,15,0,10973.0
30.2,57.4,16,0,10768.0
35.9,59.0,17,0,10807.0
17.3,34.4,18,0,9607.0
30.5,65.9,19,0,9604.0
33.5,58.7,20,0,9372.0
10.9,84.2,21,1,6135.0
15.5,45.9,22,0,7530.0
8.7,32.9,23,0,6550.0
22.8,69.3,0,0,6289.0
30.7,65.2,1,0,6363.0
37.0,44.9,2,0,7039.0
25.6,37.1,3,0,5834.0
38.0,83.1,4,0,7175.0
14.0,81.2,5,0,6007.0
11.4,22.7,6,0,6292.0
24.6,53.1,7,0,6923.0
28.1,85.0,8,0,7668.0
24.7,52.9,9,0,8028.0
8.5,52.6,10,0,8778.0
24.3,55.8,11,0,9491.0
14.6,43.2,12,0,9968.0
30.4,34.4,13,0,10355.0
27.9,75.8,14,0,10526.0
17.5,32.4,15,0,10450.0
20.9,63.7,16,0,10542.0
16.5,73.3,17,0,10192.0
24.5,38.2,18,0,9752.0
32.6,46.1,19,0,9983.0
17.1,78.2,20,0,8672.0
29.0,68.0,21,0,8214.0
20.8,50.7,22,0,7347.0
18.7,78.0,23,0,6750.0
24.1,78.1,0,0,6656.0
16.7,64.0,1,0,6017.0
20.6,46.5,2,0,5567.0
15.4,53.8,3,0,5545.0
40.7,64.3,4,0,7801.0
25.3,57.2,5,0,5774.0
19.4,74.1,6,0,6007.0
26.7,37.1,7,0,6518.0
24.1,37.6,8,0,7033.0
23.2,62.7,9,0,7740.0
29.9,52.6,10,0,8672.0
31.1,50.6,11,0,9936.0
20.8,33.5,12,0,9688.0
20.4,60.3,13,0,10006.0
22.8,59.2,14,0,10030.0
6.6,69.8,15,0,10371.0
12.9,61.0,16,0,9971.0
35.9,58.0,17,0,11195.0
38.2,77.7,18,0,11634.0
23.0,40.3,19,0,9333.0
29.6,68.0,20,0,8821.0
27.5,34.9,21,0,8140.0
49.6,47.4,22,0,10519.0
34.0,41.8,23,0,7533.0
24.0,71.7,0,1,5144.0
17.4,59.0,1,0,5693.0
12.1,59.8,2,0,5611.0
26.6,43.4,3,1,4161.0
18.9,55.5,4,0,5495.0
13.6,48.5,5,0,6052.0
19.8,65.8,6,0,6242.0
16.3,45.1,7,0,6933.0
38.5,79.9,8,0,9071.0
32.1,34.9,9,0,8559.0
24.9,47.9,10,0,8963.0
36.8,85.2,11,0,10393.0
25.6,53.5,12,0,9967.0
18.1,40.3,13,0,10313.0
37.2,63.3,14,0,12050.0
29.3,52.9,15,0,10632.0
16.7,47.5,16,0,10161.0
23.5,43.6,17,0,10494.0
18.0,100.0,18,0,9630.0
13.9,56.2,19,0,9037.0
32.4,31.1,20,0,9245.0
40.3,82.4,21,0,9645.0
13.8,69.2,22,0,7484.0
29.5,48.5,23,0,6904.0
19.8,46.0,0,0,6245.0
21.1,70.1,1,0,6115.0
20.3,56.3,2,0,5807.0
18.1,31.1,3,0,5603.0
25.4,86.8,4,0,5716.0
18.4,53.5,5,0,5924.0
27.2,82.4,6,0,6217.0
24.6,79.2,7,0,6799.0
23.1,45.0,8,0,7477.0
17.7,75.5,9,0,7975.0
20.4,50.2,10,0,8705.0
31.0,32.0,11,0,9489.0
29.0,53.6,12,0,9727.0
17.2,66.0,13,0,9932.0
25.8,53.1,14,0,10205.0
31.0,55.4,15,0,11109.0
11.6,77.2,16,0,10463.0
29.3,61.6,17,0,10065.0
19.7,47.4,18,0,9785.0
29.6,70.5,19,0,9357.0
18.9,63.0,20,0,8485.0
10.6,22.2,21,0,7703.0
12.0,66.4,22,0,7573.0
25.4,65.9,23,0,6527.0
27.1,60.3,0,0,6293.0
17.8,73.4,1,0,5732.0
30.1,49.9,2,0,6153.0
11.7,65.0,3,0,5533.0
24.5,36.5,4,0,5655.0
15.3,66.1,5,0,5901.0
19.8,89.3,6,0,6363.0
25.4,45.1,7,0,6803.0
18.1,48.6,8,0,7370.0
21.9,49.3,9,0,7896.0
33.1,61.9,10,0,9064.0
20.4,44.1,11,0,8976.0
31.7,66.3,12,0,10394.0
16.0,72.7,13,0,10017.0
29.2,68.0,14,0,10371.0
36.5,33.5,15,0,11399.0
5.2,74.9,16,0,9974.0
18.6,74.1,17,0,9938.0
29.6,72.5,18,0,10117.0
23.4,65.6,19,0,9089.0
28.0,63.3,20,0,8701.0
20.2,75.5,21,0,7879.0
25.7,88.9,22,0,7507.0
23.8,45.7,23,0,6730.0
34.3,76.2,0,0,7008.0
27.0,58.7,1,0,5868.0
27.7,58.1,2,0,6049.0
21.7,37.0,3,0,5958.0
21.1,55.7,4,0,5779.0
21.5,45.0,5,0,5894.0
28.2,53.0,6,0,6387.0
21.6,43.5,7,0,6863.0
27.3,53.3,8,0,7371.0
41.6,53.9,9,0,10129.0
32.0,61.5,10,0,9258.0
22.4,35.8,11,0,9137.0
34.6,38.3,12,0,10449.0
21.7,65.4,13,0,9986.0
8.7,48.0,14,1,8978.0
16.9,76.1,15,0,10394.0
10.0,63.4,16,0,10378.0
22.2,69.1,17,0,10022.0
25.1,81.2,18,0,9485.0
38.4,55.4,19,0,10714.0
27.6,51.4,20,0,8417.0
23.2,73.1,21,0,7783.0
31.6,67.6,22,0,8165.0
7.3,57.2,23,0,6716.0
26.9,80.9,0,0,6155.0
31.2,56.8,1,0,6720.0
13.2,60.5,2,0,5845.0
34.2,60.3,3,0,6448.0
27.7,46.0,4,0,5767.0
21.7,61.2,5,0,5874.0
30.1,81.0,6,0,6474.0
43.2,66.7,7,0,9170.0
26.5,60.5,8,0,7314.0
27.0,57.6,9,0,8015.0
21.3,65.0,10,0,8825.0
18.2,71.2,11,0,9382.0
31.6,69.1,12,0,10133.0
18.2,55.0,13,0,10176.0
25.6,64.9,14,0,10093.0
21.2,67.2,15,0,10490.0
28.8,44.9,16,0,10473.0
27.7,62.5,17,0,10154.0
33.3,27.6,18,0,10433.0
20.9,67.2,19,0,9617.0
22.8,69.9,20,0,8441.0
17.2,71.2,21,0,8194.0
21.4,54.1,22,0,7172.0
28.0,64.6,23,0,6904.0
31.1,81.4,0,0,6876.0
17.6,81.2,1,0,5933.0
32.0,59.6,2,0,6176.0
35.8,62.1,3,0,6805.0
28.3,76.7,4,0,5781.0
40.0,37.5,5,1,6582.0
18.8,55.2,6,0,6128.0
15.0,80.0,7,0,6689.0
10.8,74.6,8,0,7436.0
37.0,65.5,9,0,9294.0
30.2,37.4,10,1,7436.0
24.6,59.3,11,0,9414.0
27.2,51.2,12,0,9133.0
16.0,65.0,13,0,9959.0
44.6,47.9,14,0,12455.0
26.0,44.6,15,0,10161.0
25.9,29.0,16,0,10799.0
30.8,78.3,17,0,10619.0
28.8,54.0,18,0,10015.0
26.8,62.4,19,0,9184.0
18.7,60.0,20,0,8773.0
28.8,44.0,21,0,7762.0
40.1,41.1,22,0,9395.0
35.8,44.9,23,0,7801.0
37.7,49.2,0,0,7659.0
20.9,65.5,1,0,6023.0
17.1,48.1,2,0,5745.0
24.0,86.2,3,0,5617.0
25.4,75.4,4,0,5409.0
33.8,72.1,5,1,5305.0
11.5,58.2,6,0,6495.0
37.2,82.7,7,0,8079.0
23.7,56.7,8,0,7642.0
21.6,59.5,9,0,7825.0
16.9,62.5,10,0,8622.0
11.8,70.5,11,0,9507.0
31.6,69.6,12,0,10099.0
25.6,52.9,13,0,10289.0
14.7,52.0,14,0,10713.0
14.6,69.6,15,0,10434.0
22.3,70.7,16,0,10213.0
38.4,54.1,17,0,11477.0
22.9,36.2,18,1,8458.0
13.0,56.9,19,0,9455.0
23.0,69.4,20,0,8911.0
22.8,87.1,21,0,7993.0
3.4,42.0,22,0,7586.0
24.6,53.6,23,0,6790.0
23.2,54.2,0,0,6126.0
30.6,80.3,1,0,6532.0
39.8,59.5,2,0,7777.0
34.0,46.4,3,0,6298.0
22.8,68.4,4,0,5474.0
16.1,53.9,5,0,5930.0
45.6,41.6,6,0,9132.0
25.5,46.6,7,0,6573.0
25.1,86.0,8,0,7424.0
24.8,65.8,9,0,7882.0
26.6,61.6,10,0,8761.0
23.8,56.3,11,0,9040.0
20.4,64.4,12,0,9851.0
20.6,64.2,13,0,10047.0
24.7,64.4,14,0,10131.0
20.7,61.7,15,0,10413.0
19.3,73.0,16,0,9931.0
25.9,60.3,17,0,9967.0
23.0,45.3,18,0,9765.0
37.0,50.8,19,0,10200.0
3.8,30.3,20,0,8107.0
33.7,90.4,21,0,8392.0
35.0,72.9,22,0,8690.0
8.4,47.5,23,0,6785.0
22.3,55.8,0,0,6196.0
22.0,50.4,1,0,6111.0
13.7,83.1,2,0,5601.0
18.8,38.7,3,0,5654.0
16.1,61.7,4,0,5687.0
39.0,58.4,5,0,7480.0
32.5,72.4,6,0,7035.0
35.2,58.4,7,0,8031.0
30.8,33.6,8,0,7758.0
16.0,56.2,9,0,7908.0
20.8,45.4,10,0,8553.0
28.9,61.2,11,0,8878.0
15.2,81.5,12,0,9754.0
30.7,33.9,13,0,10242.0
23.1,48.0,14,0,10444.0
22.0,51.7,15,1,8882.0
30.7,54.3,16,0,10742.0
28.6,71.1,17,0,10302.0
22.1,57.4,18,0,9512.0
34.3,66.2,19,0,10215.0
16.4,50.6,20,0,8675.0
29.9,63.4,21,0,8252.0
29.7,71.7,22,0,7455.0
22.5,49.0,23,0,6919.0
27.6,71.7,0,0,6444.0
15.0,60.8,1,0,5944.0
32.4,75.7,2,0,6127.0
23.5,57.0,3,0,5495.0
20.8,65.7,4,0,5670.0
33.4,59.4,5,1,5368.0
19.4,58.6,6,0,5986.0
13.7,63.9,7,0,6687.0
12.5,68.1,8,0,7298.0
29.8,41.3,9,0,8261.0
14.8,81.5,10,0,8361.0
39.0,32.1,11,0,10812.0
8.3,49.7,12,0,9635.0
38.6,58.6,13,0,11457.0
26.7,66.2,14,0,10295.0
24.2,83.6,15,0,10292.0
20.6,32.1,16,0,10417.0
28.2,52.4,17,0,9930.0
24.7,28.1,18,0,9715.0
33.8,60.5,19,0,9912.0
25.9,64.1,20,0,8501.0
26.2,83.9,21,0,8059.0
22.1,61.8,22,0,7426.0
24.5,75.7,23,0,6717.0
27.5,68.8,0,0,6249.0
11.3,53.5,1,0,5631.0
14.2,38.9,2,0,5962.0
30.9,64.1,3,0,6179.0
26.4,37.6,4,0,5812.0
23.5,79.4,5,0,5603.0
25.1,57.6,6,0,6184.0
27.8,77.9,7,0,6733.0
20.7,52.8,8,0,6993.0
18.8,64.0,9,0,8178.0
26.6,63.1,10,0,8912.0
17.2,59.3,11,0,9612.0
28.3,53.5,12,0,9528.0
11.4,65.9,13,0,10102.0
33.2,46.1,14,0,11368.0
28.8,41.9,15,0,10466.0
27.0,78.6,16,1,8705.0
32.9,70.9,17,0,10434.0
38.3,61.0,18,0,11472.0
33.1,85.0,19,0,9963.0
10.3,56.0,20,0,8475.0
14.8,79.8,21,0,8057.0
20.0,62.6,22,0,7409.0
25.2,44.6,23,0,6834.0
29.1,87.7,0,0,6431.0
19.2,74.9,1,0,6246.0
26.5,58.2,2,0,5655.0
19.0,70.9,3,0,5924.0
20.1,53.9,4,0,5795.0
13.7,72.4,5,0,5992.0
17.6,24.1,6,0,6280.0
14.2,44.7,7,0,6995.0
17.2,74.7,8,0,7401.0
33.4,56.3,9,0,8628.0
17.4,63.1,10,0,8428.0
46.1,39.8,11,0,11993.0
28.9,87.7,12,0,9658.0
26.5,77.9,13,0,10066.0
18.1,57.0,14,0,10530.0
30.6,53.9,15,0,10851.0
20.4,75.4,16,0,10174.0
26.0,89.7,17,0,10360.0
45.5,74.3,18,0,12429.0
24.2,92.6,19,0,9404.0
34.2,46.2,20,0,9097.0
19.4,47.7,21,0,8066.0
24.7,42.2,22,1,6047.0
39.2,66.6,23,0,8815.0
20.0,62.6,0,0,6010.0
39.5,57.7,1,0,7888.0
30.7,72.1,2,0,6410.0
20.5,78.5,3,0,5197.0
30.1,37.1,4,0,6086.0
32.8,51.0,5,0,6762.0
30.0,72.3,6,0,6534.0
12.4,53.0,7,0,6702.0
19.2,48.0,8,0,7512.0
23.0,75.3,9,0,7877.0
24.4,40.7,10,0,8578.0
30.0,55.5,11,0,9657.0
26.4,64.9,12,0,10048.0
14.3,51.4,13,0,10186.0
28.0,71.7,14,0,10351.0
29.9,51.5,15,0,10579.0
29.5,81.1,16,0,10338.0
33.6,58.1,17,0,11147.0
31.7,70.1,18,0,10217.0
28.7,71.2,19,0,9531.0
24.4,50.6,20,0,8555.0
11.7,29.2,21,0,7870.0
28.4,65.4,22,0,7529.0
26.7,61.1,23,0,6785.0
27.2,68.3,0,0,6062.0
14.8,56.6,1,0,6285.0
16.4,53.5,2,0,5556.0
33.4,90.1,3,0,6599.0
24.7,37.9,4,0,5850.0
30.5,71.0,5,0,6037.0
25.2,51.4,6,0,6102.0
25.2,55.0,7,0,6740.0
32.5,55.2,8,0,7882.0
20.9,47.9,9,0,8345.0
25.8,68.6,10,0,8581.0
21.3,80.9,11,0,9378.0
21.5,67.1,12,0,9800.0
22.5,61.6,13,0,10131.0
26.8,45.2,14,0,10326.0
21.2,67.8,15,0,10647.0
35.0,92.3,16,0,11210.0
17.8,54.3,17,0,10424.0
23.5,54.4,18,0,9440.0
21.5,51.6,19,0,9356.0
36.6,52.7,20,0,9627.0
26.6,20.0,21,0,7937.0
33.3,66.1,22,0,8186.0
13.1,47.3,23,0,6703.0
27.1,35.8,0,0,6267.0
32.1,71.3,1,0,6262.0
25.7,43.8,2,0,5484.0
33.5,54.9,3,0,6528.0
20.9,82.0,4,0,5688.0
36.3,38.9,5,0,7025.0
43.4,37.0,6,0,8876.0
22.1,64.0,7,0,6556.0
21.4,77.2,8,0,7307.0
36.6,36.4,9,0,9193.0
37.6,66.1,10,0,10190.0
20.8,68.7,11,0,9210.0
21.6,29.1,12,0,9675.0
22.7,72.0,13,0,9710.0
14.2,73.1,14,0,10491.0
17.7,55.3,15,0,10356.0
17.0,78.8,16,0,10341.0
18.9,77.0,17,0,9929.0
24.7,61.5,18,0,9516.0
26.9,53.2,19,0,9500.0
37.4,45.4,20,0,9677.0
17.0,59.4,21,0,7789.0
32.9,68.5,22,0,8406.0
23.3,55.1,23,0,6928.0
24.6,27.0,0,0,6238.0
30.4,79.0,1,0,6531.0
16.0,62.9,2,0,5771.0
28.1,54.3,3,0,5655.0
26.3,72.9,4,0,5727.0
28.9,82.9,5,0,6156.0
27.3,20.0,6,0,6404.0
44.6,66.5,7,0,9736.0
19.9,38.6,8,0,7340.0
20.8,67.5,9,0,7967.0
20.0,61.9,10,0,8374.0
20.6,69.5,11,0,9190.0
19.9,52.5,12,0,10070.0
34.5,31.9,13,0,11252.0
36.4,53.2,14,0,11464.0
20.4,66.1,15,0,10406.0
18.3,75.2,16,0,10059.0
28.8,42.4,17,0,10000.0
20.6,75.4,18,0,9727.0
30.1,50.3,19,0,9411.0
26.6,65.4,20,1,6912.0
12.9,52.4,21,0,8098.0
37.4,62.7,22,0,8769.0
39.4,73.4,23,0,8192.0
20.1,41.6,0,0,5888.0
21.9,49.8,1,0,5808.0
27.3,62.8,2,0,5364.0
27.7,96.0,3,0,5226.0
30.3,47.1,4,0,6248.0
41.1,90.6,5,0,7864.0
23.6,90.1,6,0,6250.0
18.6,58.5,7,0,6762.0
14.0,55.5,8,0,7151.0
19.2,49.6,9,0,8082.0
24.7,59.0,10,1,7095.0
39.4,38.9,11,0,10752.0
20.9,58.9,12,0,9576.0
26.8,82.5,13,0,9833.0
24.9,50.8,14,0,10237.0
34.5,56.4,15,0,11328.0
45.2,34.5,16,0,12814.0
20.8,65.6,17,0,10089.0
21.1,64.0,18,0,9681.0
33.4,61.0,19,0,10049.0
30.5,56.7,20,0,9178.0
39.8,55.6,21,0,9885.0
29.7,67.5,22,0,7820.0
22.1,59.6,23,0,6630.0
29.7,64.7,0,0,6460.0
33.9,63.2,1,0,6933.0
31.6,76.9,2,0,6351.0
29.1,70.2,3,0,5623.0
33.5,62.9,4,0,6634.0
34.4,82.8,5,0,6686.0
36.1,66.3,6,0,7608.0
30.2,79.6,7,0,7123.0
23.7,69.1,8,0,7102.0
26.2,32.4,9,0,7913.0
34.7,79.6,10,0,10055.0
18.5,62.0,11,0,9241.0
27.9,59.2,12,0,10157.0
21.9,64.2,13,0,9790.0
25.2,54.8,14,0,10468.0
35.2,63.4,15,0,10977.0
26.5,51.1,16,0,10318.0
25.4,79.1,17,0,10205.0
14.1,58.3,18,0,9865.0
31.0,54.3,19,0,9486.0
30.2,46.1,20,0,9154.0
42.3,64.0,21,0,10039.0
22.5,62.8,22,0,7346.0
26.8,65.8,23,0,6713.0
27.0,44.6,0,0,6076.0
37.6,36.0,1,0,7678.0
24.2,69.4,2,0,5691.0
27.2,82.3,3,0,5817.0
29.9,44.6,4,0,6170.0
26.5,83.8,5,0,5728.0
21.4,64.3,6,0,6546.0
26.6,59.9,7,0,6901.0
33.6,54.0,8,0,8009.0
16.8,39.2,9,0,8090.0
26.1,74.8,10,0,8417.0
19.4,48.4,11,0,9521.0
34.6,48.3,12,0,10844.0
12.8,74.9,13,0,10064.0
20.5,31.8,14,0,10571.0
28.0,37.1,15,0,10086.0
37.5,59.7,16,0,11597.0
24.5,64.4,17,0,10028.0
20.6,67.3,18,0,10144.0
40.0,55.5,19,0,10793.0
13.4,98.0,20,0,8280.0
7.4,56.6,21,0,7711.0
28.5,56.5,22,0,7638.0
21.0,48.0,23,0,6681.0
16.8,61.9,0,0,6271.0
30.7,69.2,1,0,6474.0
27.0,78.1,2,0,5650.0
20.5,37.7,3,0,5641.0
14.8,56.3,4,0,5789.0
32.0,66.7,5,0,6432.0
30.2,68.8,6,0,6600.0
24.2,60.1,7,0,6848.0
39.8,68.1,8,0,9318.0
16.4,47.9,9,0,7842.0
12.8,83.4,10,0,8017.0
19.5,74.9,11,0,9336.0
24.6,39.8,12,0,9883.0
26.9,43.9,13,0,10118.0
23.1,44.3,14,0,10372.0
27.8,70.2,15,0,10287.0
15.0,40.7,16,0,10418.0
36.6,55.0,17,0,11532.0
24.3,66.8,18,0,9708.0
33.9,59.0,19,0,10589.0
27.7,63.9,20,0,8308.0
28.7,44.0,21,0,8131.0
29.6,68.9,22,0,7378.0
28.6,50.8,23,0,7063.0
30.1,55.1,0,0,6308.0
35.6,63.6,1,0,6800.0
26.6,61.5,2,0,5555.0
30.7,60.4,3,0,6054.0
24.3,48.7,4,0,5563.0
36.5,55.5,5,0,7083.0
19.6,60.0,6,0,6267.0
39.4,39.4,7,0,8463.0
24.7,53.1,8,0,7676.0
13.6,65.8,9,1,6637.0
26.0,40.8,10,0,8556.0
19.6,77.3,11,0,9619.0
31.7,79.0,12,0,10354.0
19.8,41.3,13,0,9885.0
21.4,80.4,14,0,10370.0
9.9,57.8,15,0,10507.0
21.4,66.3,16,1,8681.0
5.6,52.6,17,0,9868.0
12.3,73.8,18,0,9714.0
31.1,66.1,19,0,9590.0
31.3,47.8,20,0,9410.0
28.4,42.5,21,0,8209.0
17.3,38.1,22,0,7251.0
24.6,62.8,23,0,6885.0
25.0,68.6,0,0,6556.0
15.7,69.8,1,0,5643.0
37.0,58.2,2,1,5331.0
32.0,42.6,3,0,6201.0
23.2,49.8,4,0,5689.0
25.2,77.3,5,0,5911.0
26.7,52.7,6,0,6241.0
8.7,62.2,7,0,6735.0
23.0,43.9,8,0,7456.0
19.5,65.0,9,0,8227.0
17.0,53.1,10,0,8525.0
22.8,75.7,11,0,9688.0
39.4,71.6,12,0,11796.0
30.1,52.6,13,0,10663.0
20.4,58.1,14,0,10443.0
29.6,51.7,15,0,11039.0
36.2,38.7,16,0,11489.0
32.4,47.1,17,0,10572.0
25.5,63.0,18,0,9592.0
19.8,64.9,19,0,8999.0
30.6,62.2,20,0,9033.0
28.1,55.5,21,0,8082.0
32.2,74.0,22,0,8043.0
30.1,61.0,23,0,7110.0
33.4,70.5,0,1,5639.0
20.7,33.4,1,0,6269.0
35.5,20.0,2,0,6937.0
26.6,64.3,3,0,5785.0
41.6,38.6,4,0,7760.0
19.5,56.8,5,0,5598.0
38.9,55.5,6,0,7573.0
26.6,83.8,7,0,7217.0
19.8,66.0,8,0,7272.0
21.1,62.5,9,0,7877.0
22.4,72.6,10,0,8670.0
28.4,65.5,11,0,9369.0
29.2,53.1,12,0,10010.0
20.4,76.1,13,0,10433.0
24.8,43.4,14,0,10618.0
42.1,64.8,15,0,12359.0
38.8,36.8,16,0,12135.0
28.5,63.1,17,0,10075.0
25.3,62.9,18,0,9670.0
26.0,85.1,19,0,8981.0
29.9,36.5,20,0,8569.0
16.8,51.0,21,1,6494.0
22.9,72.3,22,0,7188.0
11.7,65.0,23,0,6986.0
28.2,62.7,0,1,4776.0
30.2,45.7,1,0,6310.0
21.1,51.1,2,0,5955.0
37.6,78.7,3,0,6742.0
15.2,59.2,4,0,5537.0
13.3,65.6,5,0,5958.0
26.8,58.3,6,0,6365.0
33.4,42.3,7,0,7827.0
38.5,74.0,8,0,9123.0
21.3,67.5,9,0,8019.0
33.6,94.6,10,0,9526.0
24.7,44.8,11,0,9266.0
23.6,72.3,12,0,9403.0
32.1,40.3,13,0,10658.0
30.2,62.4,14,0,10701.0
12.4,74.6,15,0,10492.0
36.8,28.9,16,0,11455.0
36.0,56.9,17,0,11031.0
20.0,51.6,18,0,9650.0
28.2,49.5,19,0,9618.0
29.0,65.8,20,0,8600.0
27.1,76.8,21,0,8235.0
20.6,58.0,22,0,7696.0
19.6,63.1,23,0,6809.0
24.8,61.7,0,0,6167.0
34.4,60.0,1,0,6981.0
29.3,43.7,2,0,5923.0
22.0,76.6,3,0,5428.0
31.2,64.4,4,1,4526.0
2.2,65.9,5,0,6012.0
34.2,47.9,6,0,7418.0
11.1,53.1,7,0,6735.0
22.1,57.4,8,0,7365.0
16.0,37.0,9,0,8134.0
14.6,34.7,10,0,8587.0
34.3,51.0,11,0,10083.0
21.3,67.8,12,0,9546.0
27.8,50.2,13,0,9924.0
24.6,44.7,14,0,10852.0
28.8,47.8,15,0,10483.0
25.6,53.2,16,0,10591.0
14.7,54.7,17,0,10415.0
33.0,92.5,18,0,10406.0
21.0,75.8,19,0,9274.0
12.5,75.4,20,0,8642.0
21.6,77.5,21,0,7678.0
37.0,45.0,22,0,8419.0
31.8,41.7,23,0,7380.0
22.2,43.4,0,0,6218.0
22.2,80.0,1,0,6300.0
22.4,51.8,2,0,5634.0
41.6,41.2,3,0,8032.0
28.1,53.5,4,0,5595.0
28.4,56.4,5,1,4870.0
33.2,64.0,6,0,7191.0
26.9,63.8,7,0,6913.0
22.9,47.6,8,0,7276.0
23.4,70.3,9,1,6615.0
24.4,50.4,10,0,8960.0
24.7,57.7,11,0,9171.0
30.8,70.3,12,0,10052.0
25.4,50.4,13,0,10029.0
30.9,51.5,14,0,11071.0
24.4,68.9,15,0,10571.0
25.6,47.1,16,0,10608.0
9.0,54.2,17,1,8641.0
32.3,68.3,18,0,10355.0
27.8,90.8,19,0,9285.0
33.0,69.1,20,0,9583.0
1.8,67.1,21,0,7951.0
41.7,68.0,22,0,9709.0
23.9,43.9,23,0,6873.0
33.9,61.7,0,0,6702.0
16.7,59.6,1,0,6098.0
29.9,64.8,2,0,5713.0
16.6,61.7,3,0,5772.0
20.0,65.7,4,0,5862.0
40.3,55.3,5,0,7834.0
23.5,60.9,6,0,6412.0
26.7,41.6,7,0,7020.0
32.0,55.2,8,0,7874.0
29.0,80.9,9,1,6804.0
26.2,64.8,10,0,8854.0
27.9,59.7,11,0,9552.0
44.2,88.4,12,0,11910.0
24.5,39.6,13,0,10160.0
26.6,43.4,14,0,10126.0
33.4,85.7,15,0,11010.0
33.8,60.7,16,0,11267.0
34.5,56.4,17,0,11068.0
30.1,42.0,18,0,10243.0
15.9,66.7,19,0,9131.0
38.1,68.2,20,0,10104.0
15.8,43.6,21,0,8042.0
27.4,57.9,22,0,7206.0
19.0,55.0,23,0,6655.0
24.5,63.8,0,0,6526.0
27.6,43.2,1,0,5812.0
27.6,78.8,2,0,5918.0
28.4,73.7,3,0,5778.0
37.9,54.6,4,0,6859.0
28.6,56.8,5,0,6122.0
23.0,58.0,6,0,6407.0
32.7,48.3,7,0,7591.0
34.5,53.3,8,0,8328.0
15.2,55.9,9,0,7812.0
29.8,84.2,10,0,9157.0
30.6,74.2,11,0,9571.0
22.6,74.0,12,0,9520.0
36.0,65.5,13,0,11371.0
23.8,43.2,14,0,10170.0
26.0,59.4,15,0,10210.0
23.6,74.6,16,0,10243.0
25.1,41.1,17,0,9945.0
16.2,69.5,18,0,9515.0
13.5,94.8,19,0,9361.0
37.8,75.9,20,0,10062.0
18.2,81.2,21,0,8250.0
17.1,63.3,22,0,7208.0
7.8,74.5,23,0,6454.0
19.9,49.2,0,0,6333.0
14.4,71.9,1,0,6293.0
38.1,69.8,2,0,7308.0
33.1,64.3,3,0,7005.0
19.5,79.7,4,0,5748.0
43.0,51.9,5,0,8222.0
32.9,57.2,6,0,6600.0
22.4,61.4,7,0,6886.0
5.0,44.6,8,0,7413.0
43.3,63.4,9,0,10218.0
13.9,34.2,10,0,8594.0
11.8,75.7,11,0,9186.0
33.2,60.7,12,0,10438.0
44.5,52.2,13,0,12974.0
36.1,47.5,14,1,9955.0
29.5,56.5,15,0,10661.0
29.8,70.3,16,1,9001.0
31.8,68.2,17,0,10809.0
31.1,49.4,18,0,10193.0
27.2,47.3,19,0,9144.0
25.8,69.9,20,0,8236.0
24.5,49.2,21,0,8049.0
19.0,60.9,22,0,7317.0
22.8,61.9,23,0,6788.0
11.5,64.7,0,0,6066.0
24.2,72.9,1,0,6208.0
17.1,41.1,2,0,5853.0
16.2,31.3,3,1,4386.0
26.4,51.5,4,0,5911.0
36.1,87.0,5,0,7260.0
32.3,90.3,6,0,6726.0
12.4,87.5,7,0,7169.0
17.1,57.1,8,0,7193.0
32.5,33.3,9,0,8625.0
17.1,24.9,10,0,8763.0
23.2,50.8,11,0,9351.0
29.4,57.0,12,0,10022.0
17.3,79.5,13,0,9998.0
25.8,73.0,14,0,10197.0
14.3,63.4,15,0,10907.0
20.2,46.7,16,0,10310.0
27.6,45.6,17,0,10046.0
12.3,63.8,18,0,9554.0
28.5,70.5,19,0,9328.0
24.8,65.9,20,0,8661.0
29.4,44.5,21,0,8210.0
26.8,69.8,22,0,7455.0
35.9,66.4,23,0,8340.0
26.0,43.9,0,0,6184.0
21.6,48.2,1,0,5930.0
26.0,70.3,2,0,5552.0
29.3,56.5,3,0,5861.0
25.4,83.8,4,0,5568.0
25.3,67.5,5,0,5816.0
19.4,52.7,6,0,6011.0
19.7,59.8,7,0,6820.0
13.8,61.0,8,0,7465.0
39.0,49.1,9,0,10022.0
15.0,46.3,10,0,8715.0
19.5,70.5,11,0,9110.0
19.3,72.7,12,0,9425.0
32.2,69.1,13,0,10458.0
22.6,82.7,14,0,10059.0
35.0,51.9,15,0,11823.0
19.6,85.1,16,0,10376.0
27.2,46.5,17,0,9962.0
18.3,44.8,18,0,9505.0
42.2,33.6,19,0,11153.0
15.5,53.3,20,1,6999.0
27.5,52.4,21,0,8263.0
30.1,67.9,22,0,7683.0
28.3,63.7,23,0,6557.0
23.5,42.1,0,0,6765.0
24.0,54.1,1,0,5694.0
25.4,54.4,2,0,5564.0
23.8,33.4,3,0,5862.0
32.7,45.3,4,0,6471.0
42.7,48.4,5,0,8030.0
20.5,81.5,6,0,6057.0
14.0,62.9,7,0,6607.0
24.3,69.9,8,1,5698.0
45.6,37.5,9,0,10647.0
18.6,77.9,10,0,8659.0
38.1,79.5,11,0,10687.0
38.4,30.0,12,0,11252.0
20.6,49.4,13,0,9868.0
29.6,67.4,14,0,10610.0
38.0,69.7,15,0,12160.0
22.0,49.8,16,0,10286.0
23.4,55.4,17,0,10042.0
20.3,51.0,18,0,9714.0
16.9,61.7,19,0,9424.0
19.8,78.0,20,0,8442.0
15.2,48.4,21,0,8290.0
25.3,75.0,22,0,7463.0
18.8,48.3,23,0,6806.0
26.9,47.3,0,0,6546.0
12.6,72.3,1,0,5685.0
27.6,73.8,2,0,5786.0
31.7,72.8,3,0,6236.0
9.1,40.3,4,0,5495.0
28.0,53.0,5,0,6014.0
34.8,72.3,6,0,7383.0
15.3,60.6,7,0,6764.0
38.4,43.9,8,0,9108.0
28.4,66.9,9,1,6438.0
19.4,49.3,10,0,8675.0
24.6,86.9,11,0,9174.0
29.5,83.2,12,0,9794.0
25.6,69.1,13,0,10179.0
29.3,80.4,14,0,10473.0
17.6,61.0,15,1,8605.0
26.4,71.5,16,0,9958.0
13.7,82.2,17,0,10236.0
24.1,63.7,18,0,9453.0
17.8,56.2,19,0,9256.0
19.1,34.4,20,0,8632.0
34.9,58.8,21,0,8960.0
33.7,72.4,22,0,8630.0
29.9,74.2,23,0,7117.0
16.3,67.6,0,0,6454.0
22.5,51.9,1,1,4479.0
34.7,30.3,2,1,5141.0
26.1,52.6,3,0,5596.0
43.6,55.4,4,0,8307.0
28.1,55.3,5,0,6161.0
26.5,69.3,6,0,6693.0
22.5,89.8,7,0,6844.0
26.1,61.9,8,0,7203.0
23.8,56.7,9,0,7912.0
30.7,56.1,10,0,8783.0
32.7,61.9,11,0,10051.0
18.7,47.6,12,0,9580.0
14.4,61.8,13,0,9467.0
10.3,66.8,14,1,9311.0
29.1,63.1,15,0,10445.0
16.2,66.9,16,0,10203.0
7.8,66.5,17,0,10413.0
28.1,33.4,18,0,9472.0
44.9,69.6,19,0,11969.0
25.0,49.9,20,1,7004.0
31.7,43.6,21,0,8291.0
25.7,43.4,22,0,7720.0
24.2,66.5,23,0,6985.0
32.4,56.7,0,0,7140.0
22.7,34.8,1,0,5995.0
27.1,67.2,2,1,4302.0
27.6,38.4,3,0,5354.0
19.7,62.1,4,0,5704.0
32.9,63.6,5,0,6476.0
23.6,73.3,6,0,6025.0
19.0,86.7,7,0,6882.0
29.3,39.5,8,0,7804.0
17.8,59.2,9,0,7923.0
25.2,55.9,10,0,8579.0
24.9,66.5,11,1,7472.0
33.7,63.2,12,0,10552.0
28.8,54.7,13,0,10350.0
24.8,53.4,14,0,10477.0
31.5,43.3,15,0,11040.0
36.1,74.8,16,0,11413.0
29.5,66.9,17,0,10168.0
25.1,73.8,18,0,9856.0
14.5,55.3,19,0,9362.0
16.5,50.1,20,0,8587.0
22.6,43.8,21,0,7915.0
20.1,65.4,22,0,7612.0
23.5,44.4,23,0,6728.0
25.5,87.7,0,0,6452.0
29.2,40.4,1,0,6080.0
24.4,64.1,2,0,5472.0
28.9,83.5,3,0,6056.0
25.5,69.0,4,0,5706.0
9.2,62.6,5,0,5779.0
17.5,45.5,6,0,6025.0
23.8,39.3,7,0,6542.0
15.3,71.6,8,0,7304.0
29.8,82.6,9,0,8655.0
37.2,53.4,10,0,9891.0
34.8,42.9,11,0,10502.0
23.3,23.1,12,0,9671.0
36.9,45.3,13,0,11181.0
26.2,58.3,14,0,10224.0
22.3,84.0,15,0,10144.0
20.1,70.1,16,0,10147.0
22.6,64.6,17,0,9901.0
21.9,54.0,18,0,9316.0
26.4,51.3,19,0,9503.0
26.3,81.1,20,0,8663.0
25.0,63.0,21,0,7863.0
28.5,28.5,22,0,7498.0
34.5,49.9,23,0,7612.0
32.6,47.1,0,0,6458.0
13.1,51.8,1,0,6513.0
4.6,68.4,2,0,5720.0
32.5,58.4,3,0,6153.0
14.1,58.8,4,0,5295.0
23.2,79.7,5,0,5623.0
15.6,49.6,6,0,6634.0
10.6,88.0,7,0,7100.0
29.3,49.9,8,0,7729.0
31.1,61.3,9,1,6738.0
20.4,55.8,10,0,8923.0
4.3,61.9,11,0,9290.0
20.6,66.7,12,0,9828.0
28.1,66.5,13,0,10188.0
13.2,48.7,14,0,10017.0
26.5,43.2,15,0,10160.0
24.9,97.5,16,0,10216.0
29.6,52.7,17,0,10452.0
26.0,70.5,18,1,7921.0
17.2,35.9,19,0,9165.0
34.6,55.8,20,0,9572.0
23.7,58.1,21,0,8159.0
24.8,67.1,22,0,7514.0
17.5,20.0,23,0,6598.0
21.5,62.5,0,0,6592.0
17.9,42.8,1,0,5689.0
23.6,64.9,2,1,4400.0
38.7,44.5,3,0,7094.0
14.0,47.2,4,0,5715.0
12.1,55.9,5,0,5967.0
36.8,44.2,6,0,7658.0
23.3,52.9,7,0,6935.0
19.6,42.1,8,0,7457.0
33.3,32.5,9,0,8955.0
20.2,75.3,10,0,8714.0
39.6,40.6,11,0,10688.0
30.4,57.3,12,0,10115.0
21.1,71.3,13,0,9966.0
42.3,50.8,14,0,12235.0
20.2,47.6,15,0,10342.0
30.9,63.4,16,0,10795.0
27.4,76.8,17,0,10128.0
35.4,42.5,18,0,11020.0
37.5,57.7,19,0,10885.0
25.3,34.0,20,0,8688.0
19.0,54.1,21,1,6603.0
28.7,60.5,22,0,7500.0
19.6,47.2,23,0,6953.0
41.1,53.1,0,0,8366.0
26.1,38.9,1,0,5911.0
22.1,61.2,2,0,6112.0
26.5,75.8,3,0,5491.0
14.2,43.5,4,0,5973.0
17.2,50.7,5,0,5651.0
34.6,67.5,6,0,7456.0
19.7,78.2,7,1,5587.0
16.6,37.6,8,0,6997.0
29.3,57.5,9,0,8222.0
34.5,64.2,10,0,9737.0
30.8,58.5,11,0,9663.0
33.0,22.8,12,0,10518.0
18.9,67.5,13,0,10106.0
13.6,82.8,14,1,8599.0
37.0,61.7,15,1,10725.0
22.4,44.5,16,0,10218.0
23.0,52.3,17,0,10165.0
35.6,86.5,18,0,10712.0
29.4,73.6,19,0,8962.0
28.6,69.6,20,0,8533.0
42.3,65.3,21,0,9858.0
19.9,50.1,22,0,7597.0
32.4,57.0,23,0,7342.0
25.5,58.8,0,0,6200.0
27.1,68.2,1,0,5709.0
37.2,82.6,2,0,7085.0
29.1,76.8,3,1,4116.0
29.3,38.7,4,0,6076.0
33.6,63.4,5,0,6819.0
22.1,71.1,6,0,6189.0
18.3,69.3,7,0,6970.0
16.6,50.6,8,0,7380.0
9.3,100.0,9,0,8004.0
41.4,40.8,10,0,10346.0
16.2,43.8,11,0,9186.0
23.2,63.5,12,0,9761.0
22.8,91.8,13,0,10345.0
27.5,47.5,14,0,10168.0
31.5,56.0,15,1,9885.0
31.9,76.2,16,0,11012.0
20.3,59.7,17,1,8275.0
23.7,55.0,18,0,9528.0
27.3,68.5,19,0,9484.0
23.0,64.1,20,0,8870.0
37.9,75.5,21,1,7982.0
28.9,79.4,22,0,7548.0
30.9,64.6,23,0,6999.0
30.3,64.4,0,0,6913.0
34.4,63.2,1,1,5182.0
26.4,67.3,2,0,5851.0
14.6,60.8,3,0,5870.0
28.2,60.0,4,0,5721.0
19.8,77.9,5,0,6115.0
20.8,82.7,6,0,6672.0
29.7,37.4,7,0,7107.0
34.9,60.2,8,0,8380.0
25.2,49.7,9,0,7987.0
27.5,55.3,10,0,8473.0
38.6,66.0,11,0,10640.0
26.9,70.0,12,0,9786.0
45.8,58.3,13,0,12718.0
29.5,31.3,14,0,10612.0
10.9,45.5,15,0,10102.0
31.0,73.4,16,0,10754.0
28.0,20.0,17,0,10292.0
35.3,77.8,18,0,10571.0
30.4,67.8,19,0,9561.0
23.9,79.7,20,0,8250.0
15.2,57.0,21,0,7739.0
23.3,29.1,22,0,7540.0
18.2,66.5,23,0,6738.0
20.4,79.1,0,0,6667.0
29.7,73.9,1,0,6264.0
38.4,50.1,2,0,7342.0
28.2,61.3,3,0,5408.0
15.4,52.0,4,0,5605.0
28.6,47.7,5,0,5859.0
34.6,74.3,6,0,7076.0
20.1,42.0,7,0,6933.0
23.9,46.6,8,0,7552.0
25.1,43.4,9,0,8080.0
18.7,37.6,10,0,8456.0
30.2,62.2,11,0,9594.0
24.0,77.4,12,0,9315.0
28.4,57.2,13,0,10397.0
17.9,37.4,14,0,10059.0
21.5,72.6,15,0,10176.0
30.8,85.3,16,0,10758.0
22.0,50.3,17,0,10119.0
38.8,52.8,18,0,11305.0
21.8,67.7,19,0,8978.0
26.8,84.3,20,0,8848.0
32.5,52.2,21,0,8332.0
13.7,40.0,22,0,7082.0
10.9,69.5,23,0,6779.0
12.8,72.0,0,1,4550.0
35.1,60.1,1,0,7231.0
20.6,51.6,2,0,5446.0
45.5,74.9,3,0,8531.0
20.5,67.9,4,0,5889.0
26.5,48.5,5,0,6169.0
37.3,60.7,6,0,8081.0
41.0,39.7,7,0,8774.0
41.5,70.3,8,0,9200.0
34.7,56.1,9,0,8979.0
33.2,53.5,10,0,9287.0
29.7,59.5,11,0,9319.0
31.2,60.6,12,0,10211.0
20.6,73.4,13,0,10016.0
18.5,68.9,14,0,10168.0
25.0,57.7,15,0,10351.0
23.6,71.5,16,0,10428.0
21.4,66.0,17,0,10270.0
30.6,53.6,18,0,9762.0
32.6,58.1,19,0,9836.0
25.7,57.8,20,0,8593.0
36.8,67.6,21,0,9087.0
15.9,54.5,22,0,7355.0
23.5,54.1,23,1,5330.0
19.3,89.5,0,0,6407.0
10.1,74.1,1,0,5937.0
24.3,48.6,2,0,5506.0
24.0,68.6,3,0,6002.0
37.1,61.8,4,0,7214.0
30.0,65.9,5,0,6339.0
16.8,62.1,6,0,6504.0
39.8,77.8,7,0,8624.0
34.8,65.2,8,0,8651.0
29.7,59.1,9,0,8260.0
23.2,75.6,10,0,8622.0
17.3,63.5,11,0,9327.0
22.0,61.8,12,0,10012.0
33.7,64.7,13,0,11237.0
40.1,58.6,14,0,12248.0
37.3,60.1,15,0,11905.0
21.1,51.2,16,0,10457.0
16.0,48.7,17,0,10276.0
26.1,45.0,18,0,9957.0
10.9,39.1,19,0,9153.0
27.6,46.8,20,0,8885.0
23.8,57.4,21,0,8069.0
21.3,61.5,22,0,7509.0
12.2,55.9,23,0,7076.0
29.1,24.7,0,0,6619.0
20.7,83.6,1,0,6105.0
15.6,76.3,2,0,5604.0
2.0,66.7,3,0,5900.0
24.8,88.6,4,0,5821.0
39.2,45.3,5,0,7623.0
38.3,88.3,6,0,8067.0
21.3,45.5,7,0,7318.0
20.2,63.6,8,0,7145.0
28.8,40.9,9,0,7952.0
17.0,60.2,10,0,9158.0
27.4,65.8,11,0,9285.0
31.1,57.7,12,0,10205.0
34.8,70.7,13,0,11078.0
24.2,61.5,14,0,10560.0
23.4,52.2,15,0,10922.0
18.0,51.5,16,0,10185.0
18.4,72.2,17,0,10059.0
23.2,50.2,18,0,9627.0
27.9,73.7,19,1,7847.0
32.3,78.3,20,0,9512.0
18.6,35.0,21,0,8324.0
36.9,77.0,22,0,8873.0
22.8,90.9,23,0,7304.0
24.8,63.8,0,0,6188.0
19.0,69.0,1,0,5755.0
5.6,75.6,2,0,5976.0
32.1,55.9,3,0,6235.0
30.9,62.7,4,0,5841.0
22.7,40.3,5,0,5858.0
25.5,62.1,6,0,6354.0
29.1,67.5,7,0,6840.0
12.5,67.7,8,0,7176.0
20.8,76.0,9,0,7958.0
31.4,48.4,10,0,8911.0
15.0,52.0,11,0,9327.0
27.3,88.4,12,0,9308.0
14.1,57.7,13,0,10097.0
28.7,63.0,14,0,10532.0
24.7,59.0,15,0,10382.0
12.1,47.7,16,0,10537.0
34.3,84.4,17,0,10752.0
19.1,52.1,18,0,9557.0
18.5,43.1,19,1,7634.0
26.6,53.2,20,0,8764.0
34.2,30.0,21,0,8972.0
16.9,50.2,22,0,7808.0
25.5,45.5,23,1,5139.0
28.4,69.3,0,0,6089.0
30.5,49.9,1,0,6661.0
26.4,73.3,2,0,5396.0
22.1,81.0,3,0,5737.0
18.4,71.7,4,0,5486.0
25.7,56.8,5,0,5508.0
16.4,62.1,6,0,6228.0
1.6,37.1,7,0,6980.0
28.5,58.0,8,0,7208.0
32.2,47.1,9,0,8750.0
6.1,70.4,10,0,8774.0
16.9,98.6,11,0,8946.0
30.0,67.5,12,0,9944.0
41.5,30.1,13,0,12413.0
25.2,54.6,14,0,10448.0
19.2,61.8,15,0,10348.0
23.5,61.3,16,0,10401.0
36.0,49.0,17,0,11141.0
19.8,63.7,18,0,9920.0
18.6,41.4,19,0,9423.0
21.1,45.8,20,0,8645.0
17.4,69.7,21,0,8046.0
26.0,44.8,22,0,7179.0
38.0,68.1,23,0,8029.0
27.6,39.5,0,0,6228.0
23.0,86.5,1,0,5904.0
22.7,48.4,2,0,5894.0
12.5,56.6,3,0,5784.0
32.1,65.0,4,0,6328.0
24.4,51.5,5,0,6160.0
23.6,62.2,6,0,6114.0
50.5,68.6,7,0,10397.0
27.4,74.4,8,0,7221.0
19.0,71.9,9,0,8248.0
21.6,57.4,10,0,8618.0
34.2,57.8,11,0,9728.0
25.9,95.2,12,0,9843.0
13.5,74.2,13,0,10240.0
32.4,46.2,14,0,10880.0
19.7,61.5,15,0,10326.0
40.0,55.0,16,0,12084.0
33.6,58.0,17,1,9039.0
21.4,41.6,18,0,9224.0
35.2,53.8,19,0,10548.0
25.5,87.2,20,0,8456.0
31.8,68.7,21,0,8944.0
28.9,22.6,22,0,7785.0
18.2,78.3,23,0,7113.0
19.9,76.3,0,0,6173.0
33.2,54.6,1,0,6386.0
22.3,70.8,2,0,5464.0
21.8,47.1,3,0,5511.0
17.4,52.9,4,1,3707.0
28.4,82.5,5,0,5885.0
41.5,55.9,6,0,8288.0
16.5,32.0,7,0,6541.0
25.2,59.1,8,0,7171.0
36.3,58.8,9,0,9201.0
24.4,78.0,10,0,8692.0
28.6,60.2,11,0,9115.0
16.5,53.7,12,0,9756.0
28.4,75.7,13,0,10170.0
23.5,61.8,14,0,10328.0
32.9,48.7,15,0,11002.0
34.5,77.3,16,0,11026.0
45.7,62.9,17,0,13075.0
29.6,60.0,18,0,10069.0
27.6,62.7,19,0,9401.0
26.6,43.9,20,0,8604.0
22.2,52.1,21,0,7967.0
27.7,60.1,22,0,7477.0
22.6,57.1,23,0,6433.0
26.3,79.1,0,0,6080.0
35.5,63.3,1,0,6893.0
16.9,72.8,2,0,5591.0
34.1,60.1,3,0,6342.0
35.5,75.8,4,0,6879.0
24.1,66.0,5,0,5938.0
8.0,60.2,6,0,6582.0
20.1,59.8,7,0,7295.0
35.4,45.7,8,0,8233.0
24.8,67.6,9,0,8029.0
17.0,59.4,10,0,8650.0
21.0,52.5,11,1,7697.0
31.7,76.6,12,0,10039.0
29.4,41.2,13,0,10101.0
23.1,53.7,14,0,10366.0
22.1,75.4,15,0,10211.0
21.9,64.7,16,0,10350.0
17.6,59.3,17,0,10029.0
37.9,63.8,18,0,11214.0
22.4,62.7,19,0,9009.0
34.7,37.3,20,0,9663.0
37.2,54.8,21,0,9199.0
33.0,84.2,22,0,8159.0
21.5,50.1,23,0,7068.0
28.2,55.2,0,0,6390.0
24.8,51.9,1,0,5986.0
17.8,58.7,2,0,5845.0
27.6,51.3,3,0,5319.0
15.6,67.3,4,0,6026.0
34.5,63.0,5,0,6686.0
21.3,71.6,6,0,6479.0
26.6,44.2,7,0,6949.0
27.3,54.9,8,0,7198.0
22.9,56.6,9,0,8202.0
29.7,66.8,10,0,8975.0
21.2,48.1,11,0,9578.0
32.0,73.7,12,0,10331.0
14.2,77.8,13,0,10057.0
26.0,45.2,14,0,10215.0
40.5,52.6,15,0,11928.0
17.0,52.0,16,1,8755.0
19.6,99.5,17,0,10023.0
29.1,53.6,18,0,9916.0
26.4,85.2,19,0,8915.0
27.8,41.0,20,0,8573.0
28.9,45.2,21,0,8252.0
30.1,49.7,22,0,7826.0
33.9,47.3,23,1,5810.0
28.3,56.0,0,0,6486.0
23.1,49.4,1,0,5872.0
30.4,47.7,2,0,6002.0
40.2,77.4,3,0,6957.0
23.9,78.4,4,0,5980.0
17.2,74.2,5,0,5957.0
33.9,67.9,6,0,6875.0
24.0,61.4,7,0,6875.0
7.6,52.5,8,0,7448.0
31.8,45.7,9,0,8811.0
20.7,65.4,10,0,8559.0
24.3,42.4,11,0,9202.0
27.7,45.1,12,0,9568.0
26.5,77.3,13,0,10198.0
30.7,88.5,14,0,10563.0
21.5,65.9,15,1,8721.0
29.1,76.6,16,0,10470.0
22.9,56.3,17,0,9833.0
30.9,39.9,18,0,10454.0
29.9,69.2,19,0,9874.0
17.5,68.5,20,0,8530.0
33.7,61.1,21,0,8576.0
20.7,56.4,22,0,7446.0
31.5,74.4,23,0,7223.0
27.9,45.2,0,0,6538.0
39.7,48.4,1,0,7520.0
23.2,44.9,2,1,4291.0
22.2,61.3,3,0,5623.0
24.8,43.7,4,0,5547.0
22.6,49.7,5,0,5970.0
31.4,49.4,6,0,6989.0
12.1,56.1,7,0,6817.0
16.6,37.7,8,0,7398.0
16.5,61.3,9,0,7825.0
32.6,78.7,10,0,9540.0
38.7,62.0,11,0,11012.0
24.2,83.1,12,0,9615.0
23.6,80.0,13,0,10054.0
25.6,71.7,14,0,10601.0
34.3,61.1,15,0,11118.0
17.6,60.3,16,0,10439.0
26.9,71.5,17,0,9967.0
32.8,54.1,18,0,10773.0
29.0,31.8,19,0,9364.0
26.5,67.4,20,0,8873.0
33.0,43.0,21,0,8599.0
3.4,45.6,22,0,7129.0
30.4,60.0,23,0,7117.0
19.8,58.6,0,0,6355.0
10.4,38.8,1,0,5819.0
29.1,62.5,2,0,5997.0
36.0,74.5,3,1,5256.0
23.9,43.1,4,0,5265.0
32.6,79.1,5,0,6726.0
37.9,36.6,6,0,7611.0
35.5,91.8,7,0,7856.0
38.1,53.8,8,0,9207.0
30.9,62.2,9,0,8795.0
25.6,31.6,10,0,8506.0
12.2,59.1,11,0,9316.0
23.0,63.4,12,0,9587.0
18.3,58.7,13,0,10021.0
42.4,51.6,14,0,12352.0
23.6,45.8,15,0,10055.0
26.0,77.0,16,1,8837.0
29.4,60.5,17,0,10348.0
25.3,83.1,18,0,9563.0
38.6,52.1,19,0,11002.0
20.0,53.5,20,0,8534.0
26.6,72.2,21,0,7873.0
19.1,35.7,22,0,7484.0
14.4,41.8,23,0,6491.0
20.1,76.5,0,0,6484.0
24.7,42.4,1,0,5841.0
21.6,32.7,2,0,5880.0
19.5,88.0,3,0,5858.0
13.7,39.1,4,0,5810.0
24.3,62.8,5,0,5759.0
13.0,61.0,6,0,6053.0
31.1,20.0,7,0,6975.0
25.7,56.0,8,0,7599.0
13.3,66.7,9,0,7973.0
22.5,65.3,10,0,8501.0
19.0,73.6,11,0,9174.0
27.6,54.2,12,0,9913.0
35.7,70.7,13,0,11393.0
10.0,49.7,14,0,10406.0
25.9,38.8,15,0,10528.0
23.7,40.5,16,0,10354.0
30.4,38.1,17,0,10494.0
26.7,75.1,18,0,9741.0
19.0,37.3,19,0,9200.0
22.4,64.1,20,1,7272.0
18.6,56.0,21,0,8072.0
33.6,58.5,22,0,8044.0
25.2,80.5,23,0,6906.0
40.2,53.4,0,0,8184.0
24.5,69.2,1,0,6044.0
19.3,60.6,2,0,5661.0
12.9,57.7,3,0,5762.0
10.6,94.5,4,0,5669.0
12.3,38.4,5,0,6066.0
27.1,79.3,6,0,6212.0
29.1,69.8,7,0,6883.0
12.4,52.8,8,0,7499.0
32.2,84.4,9,0,8558.0
21.1,32.3,10,1,7562.0
26.2,52.2,11,0,9313.0
37.9,41.9,12,0,11187.0
32.2,66.2,13,0,10869.0
22.9,43.3,14,0,10222.0
17.9,66.5,15,0,10585.0
7.8,57.2,16,0,10497.0
19.2,52.8,17,0,10329.0
23.3,65.8,18,0,9609.0
17.1,56.0,19,0,8955.0
23.9,43.7,20,0,8499.0
25.6,100.0,21,0,7944.0
23.2,52.7,22,0,7712.0
19.8,26.7,23,0,7239.0
26.3,47.4,0,0,6372.0
28.5,41.0,1,0,6004.0
16.3,72.4,2,0,5612.0
36.3,64.8,3,0,7008.0
24.2,66.0,4,0,6119.0
25.2,54.4,5,0,6279.0
30.7,55.8,6,0,6930.0
26.9,54.4,7,0,7025.0
32.6,58.8,8,0,8239.0
27.3,72.5,9,0,7991.0
20.1,65.0,10,0,8474.0
27.9,67.5,11,0,9196.0
15.9,67.5,12,0,9782.0
25.9,73.3,13,0,9788.0
24.7,64.3,14,0,10288.0
23.3,65.4,15,1,8735.0
24.0,77.8,16,0,10521.0
9.9,50.0,17,0,9969.0
20.6,47.2,18,0,9763.0
25.7,42.2,19,0,9060.0
26.3,62.7,20,0,8941.0
16.8,32.2,21,0,7660.0
35.1,66.9,22,0,8543.0
18.1,58.4,23,0,6545.0
32.8,77.0,0,0,6914.0
28.4,49.9,1,0,6025.0
19.8,57.0,2,0,5733.0
39.2,76.8,3,0,7326.0
15.5,80.7,4,0,5712.0
32.4,49.8,5,0,6446.0
33.0,62.7,6,0,7021.0
19.6,64.4,7,1,5306.0
36.1,65.6,8,0,8639.0
23.0,56.1,9,1,6487.0
27.3,79.2,10,0,8767.0
27.1,31.7,11,0,9219.0
23.9,53.7,12,0,9737.0
31.5,66.7,13,0,10525.0
31.3,66.9,14,0,10610.0
11.0,80.3,15,0,10431.0
35.4,78.0,16,0,11675.0
11.7,55.7,17,0,10167.0
33.3,79.5,18,0,10323.0
34.0,49.3,19,0,10265.0
16.3,74.0,20,0,8554.0
21.7,87.2,21,0,8143.0
16.2,78.2,22,0,7305.0
23.3,61.6,23,0,6871.0
22.5,55.0,0,0,6199.0
31.2,37.1,1,0,6309.0
35.5,64.7,2,0,6491.0
36.2,43.3,3,0,6927.0
20.5,48.1,4,0,5756.0
23.3,42.1,5,0,6007.0
11.5,53.1,6,0,6358.0
18.6,59.6,7,0,6648.0
32.7,64.1,8,0,8280.0
37.9,51.0,9,0,9687.0
15.1,76.0,10,0,8464.0
20.3,56.9,11,0,9306.0
24.8,48.2,12,0,9872.0
27.2,63.4,13,0,9984.0
18.5,89.5,14,1,8759.0
28.4,65.0,15,1,9066.0
21.2,54.6,16,0,10016.0
24.9,37.1,17,0,9861.0
29.4,56.7,18,0,9705.0
25.1,63.5,19,0,8841.0
21.5,54.2,20,0,8838.0
24.1,35.0,21,0,7602.0
24.3,47.2,22,1,5947.0
22.0,81.8,23,0,6962.0
22.9,81.5,0,0,6244.0
37.8,46.7,1,0,7256.0
29.5,70.1,2,0,5951.0
22.6,42.3,3,0,5600.0
30.6,81.1,4,0,6269.0
22.3,63.7,5,0,5396.0
34.4,74.2,6,0,7077.0
28.0,34.3,7,0,6912.0
24.1,70.2,8,0,7389.0
28.6,59.9,9,0,8238.0
12.4,72.8,10,0,8674.0
16.0,73.7,11,0,9173.0
15.4,61.0,12,0,9637.0
26.1,51.0,13,0,10543.0
38.9,71.7,14,0,12254.0
42.9,59.1,15,1,11227.0
30.1,46.9,16,0,10650.0
29.0,46.2,17,0,10337.0
10.6,37.8,18,0,9862.0
20.7,52.3,19,0,9284.0
18.7,76.5,20,0,8471.0
20.0,62.7,21,0,8357.0
23.7,52.1,22,0,7428.0
21.2,72.1,23,0,7203.0
9.2,47.5,0,1,4840.0
31.0,61.4,1,0,6320.0
16.4,57.3,2,0,5959.0
26.9,71.7,3,0,5660.0
41.6,36.3,4,0,7747.0
17.6,47.2,5,0,5681.0
4.8,35.4,6,0,6435.0
22.7,56.1,7,0,6701.0
33.8,78.2,8,1,6660.0
40.7,52.4,9,0,9802.0
15.2,52.3,10,0,8709.0
29.0,73.1,11,0,9039.0
21.3,76.0,12,0,9655.0
24.2,58.7,13,0,10275.0
46.2,70.3,14,0,12792.0
13.0,43.8,15,0,10435.0
27.0,80.7,16,0,10192.0
28.7,92.2,17,0,10109.0
33.7,67.8,18,0,10881.0
25.8,28.7,19,0,8870.0
27.5,51.6,20,0,8774.0
21.9,69.2,21,0,7904.0
27.2,53.7,22,0,7273.0
22.3,79.1,23,0,6578.0
30.0,68.8,0,0,6750.0
22.0,49.4,1,0,5883.0
28.0,60.5,2,0,5621.0
24.8,46.6,3,0,5622.0
34.0,57.3,4,0,6549.0
24.6,51.7,5,0,5521.0
10.8,77.6,6,0,6205.0
35.1,91.7,7,0,8043.0
17.8,38.5,8,0,7078.0
19.8,31.2,9,0,7782.0
20.2,56.3,10,0,8536.0
36.0,37.2,11,0,10254.0
7.9,60.7,12,0,9691.0
50.1,71.2,13,0,13175.0
33.4,82.4,14,0,11058.0
26.8,63.0,15,0,10390.0
24.6,57.1,16,0,10448.0
27.3,30.3,17,1,8827.0
29.2,60.4,18,0,9820.0
30.2,61.1,19,0,9902.0
29.4,69.6,20,0,8801.0
25.7,49.4,21,0,8166.0
23.4,53.5,22,0,7765.0
23.8,37.8,23,0,6828.0
23.4,25.6,0,0,6028.0
34.1,43.4,1,0,6850.0
29.7,36.4,2,0,5822.0
1.5,65.1,3,0,5545.0
30.2,52.2,4,0,6416.0
26.6,51.9,5,0,5677.0
24.9,45.2,6,0,6363.0
21.9,20.0,7,0,6624.0
34.0,82.6,8,0,8216.0
32.6,45.0,9,1,7336.0
18.8,53.8,10,0,8685.0
28.3,38.2,11,0,9193.0
17.2,74.6,12,0,9567.0
14.0,62.2,13,0,10142.0
20.0,47.6,14,0,10660.0
31.9,54.1,15,0,10805.0
32.6,85.2,16,0,11394.0
29.1,58.9,17,0,10484.0
30.8,57.3,18,0,10391.0
29.1,45.9,19,0,9431.0
19.9,31.6,20,0,8855.0
28.5,57.6,21,0,7867.0
31.4,64.9,22,0,7756.0
31.0,76.5,23,0,7408.0
34.5,26.3,0,1,5839.0
30.7,43.1,1,0,6292.0
27.8,51.3,2,0,5181.0
33.6,59.9,3,0,6347.0
24.8,57.8,4,0,5447.0
17.9,58.2,5,0,6020.0
23.7,66.1,6,0,6265.0
19.0,46.5,7,0,6674.0
19.6,74.0,8,0,7907.0
23.8,66.5,9,0,8208.0
18.7,55.2,10,0,8832.0
22.5,84.0,11,0,9640.0
9.9,83.3,12,0,9857.0
26.7,74.0,13,0,9924.0
25.0,20.0,14,0,10141.0
18.5,83.7,15,0,10593.0
30.3,71.9,16,0,10247.0
32.5,90.1,17,0,10738.0
12.1,78.6,18,0,9263.0
18.9,83.7,19,0,9220.0
18.8,73.2,20,0,8792.0
17.5,80.2,21,0,8056.0
31.6,89.9,22,0,8112.0
23.4,63.2,23,0,7193.0
22.9,36.4,0,0,6274.0
9.0,55.4,1,0,6483.0
30.1,65.8,2,0,6037.0
15.1,61.1,3,0,5790.0
25.5,41.3,4,0,5560.0
27.2,35.5,5,0,6245.0
35.9,48.9,6,0,7694.0
14.5,72.1,7,0,7094.0
0.8,83.7,8,0,7390.0
26.5,73.7,9,0,7749.0
39.4,75.9,10,1,8924.0
34.9,58.8,11,0,9897.0
26.7,33.9,12,0,9630.0
21.1,53.2,13,0,10117.0
31.5,56.1,14,0,11312.0
17.2,52.5,15,0,10464.0
28.8,60.8,16,0,10468.0
29.0,66.6,17,0,10222.0
33.5,72.8,18,0,10251.0
47.1,55.8,19,0,12079.0
28.1,31.4,20,0,8663.0
20.9,52.8,21,0,7806.0
24.8,60.7,22,0,7141.0
10.8,78.3,23,0,6704.0
19.4,51.5,0,0,6316.0
21.7,67.7,1,0,5830.0
20.8,64.4,2,0,5472.0
26.2,60.7,3,0,5658.0
18.4,74.0,4,0,5790.0
34.0,50.1,5,0,6841.0
25.0,51.4,6,0,6190.0
24.9,59.8,7,0,6919.0
22.4,50.4,8,0,7341.0
26.2,67.6,9,0,7762.0
31.6,49.3,10,0,9369.0
18.1,63.4,11,0,9271.0
19.7,58.5,12,0,9673.0
22.6,63.2,13,0,9764.0
14.2,53.1,14,0,10169.0
18.4,54.9,15,0,10804.0
21.2,61.4,16,0,10017.0
32.0,63.0,17,0,10627.0
27.1,59.9,18,0,9694.0
26.5,85.6,19,0,9264.0
31.8,45.1,20,0,8893.0
23.9,59.0,21,0,8035.0
28.1,36.4,22,0,7060.0
24.2,65.6,23,0,6819.0
27.1,43.3,0,0,6172.0
20.3,55.8,1,0,5748.0
5.5,54.4,2,0,5849.0
23.9,64.2,3,0,5553.0
36.4,51.7,4,0,7034.0
32.4,51.1,5,0,6684.0
32.7,81.5,6,0,7265.0
34.9,64.3,7,0,7592.0
25.7,51.6,8,0,7563.0
26.6,56.2,9,0,8003.0
20.1,84.7,10,0,8546.0
22.5,56.5,11,0,8970.0
29.9,49.7,12,0,10107.0
34.6,49.7,13,0,10889.0
23.9,51.8,14,0,10422.0
21.4,51.1,15,0,10786.0
25.0,40.8,16,0,10514.0
29.8,43.1,17,1,9128.0
13.4,47.6,18,0,9553.0
6.6,68.9,19,0,9353.0
20.6,54.3,20,0,8392.0
15.2,56.9,21,0,7953.0
20.9,79.1,22,0,7727.0
23.8,79.4,23,0,6678.0
21.4,55.8,0,0,6525.0
36.6,50.5,1,0,7418.0
27.6,47.0,2,0,5897.0
27.4,70.4,3,0,5347.0
30.0,56.9,4,0,6083.0
15.9,54.2,5,0,5890.0
33.3,47.8,6,0,7318.0
24.4,48.5,7,0,6469.0
30.4,64.8,8,0,7807.0
16.4,40.3,9,0,8045.0
12.6,74.9,10,0,8223.0
31.5,52.0,11,0,9554.0
28.0,57.8,12,0,9333.0
17.8,39.9,13,0,9933.0
18.0,59.8,14,0,10428.0
34.0,55.1,15,0,11340.0
15.5,59.2,16,0,10352.0
38.1,82.1,17,0,11392.0
17.8,62.7,18,0,9921.0
30.1,48.1,19,0,9512.0
22.4,49.3,20,0,8628.0
29.8,68.9,21,0,8462.0
20.6,79.5,22,0,7181.0
23.7,64.2,23,0,6846.0
25.3,70.3,0,0,6388.0
17.0,69.1,1,0,5812.0
30.9,81.3,2,1,4751.0
20.9,30.8,3,0,5695.0
23.2,70.0,4,0,5662.0
17.0,74.8,5,0,5895.0
4.5,39.9,6,0,6408.0
23.5,46.7,7,0,6958.0
44.3,47.2,8,0,9837.0
31.3,49.1,9,0,8716.0
24.8,52.8,10,0,8753.0
22.9,63.6,11,0,8842.0
25.2,73.0,12,0,9416.0
29.4,76.2,13,0,10521.0
15.6,47.4,14,0,10269.0
33.9,47.3,15,0,11320.0
30.7,79.7,16,0,10955.0
30.7,69.7,17,0,10489.0
28.5,61.2,18,0,9781.0
25.2,67.1,19,0,9026.0
30.4,59.6,20,1,7553.0
29.7,67.9,21,1,6877.0
22.2,55.0,22,0,7263.0
20.4,64.0,23,0,6616.0
25.8,37.3,0,0,6828.0
37.4,49.7,1,0,7312.0
15.1,49.8,2,0,5545.0
13.3,54.4,3,0,5741.0
26.3,46.1,4,0,5672.0
25.4,52.0,5,0,5704.0
26.4,37.3,6,0,6400.0
27.0,68.2,7,0,6629.0
23.2,58.8,8,0,7694.0
36.9,34.4,9,0,9437.0
12.2,47.5,10,0,8566.0
18.4,65.0,11,0,9222.0
24.2,51.9,12,0,9878.0
11.9,49.5,13,0,10116.0
23.6,58.9,14,0,10743.0
38.3,65.2,15,0,12171.0
25.2,38.5,16,0,10416.0
26.8,68.3,17,0,9891.0
14.9,48.0,18,0,9668.0
20.1,59.7,19,0,9296.0
22.0,59.5,20,0,8457.0
22.5,52.1,21,0,8259.0
35.3,44.6,22,0,8272.0
29.5,55.7,23,0,6892.0
16.1,84.4,0,0,6190.0
27.0,39.6,1,0,6070.0
29.0,85.4,2,0,5669.0
34.1,56.1,3,0,6158.0
37.6,60.5,4,0,7346.0
16.9,43.7,5,0,5833.0
18.5,48.4,6,0,6089.0
14.9,52.5,7,0,6649.0
23.1,44.3,8,0,7722.0
28.7,56.9,9,0,7978.0
32.9,53.9,10,0,9331.0
24.4,87.8,11,0,9111.0
22.4,42.5,12,0,9451.0
26.2,61.5,13,0,9930.0
18.3,63.7,14,0,10058.0
41.7,43.9,15,0,12649.0
12.1,70.3,16,0,10338.0
26.5,54.0,17,0,10575.0
41.2,22.6,18,0,11534.0
25.1,69.9,19,0,9028.0
23.5,43.2,20,0,8928.0
22.1,44.3,21,0,8212.0
23.6,70.3,22,0,7456.0
36.0,54.8,23,0,7775.0
7.3,73.8,0,0,6652.0
37.3,78.2,1,0,7297.0
13.6,50.3,2,0,5596.0
22.9,71.9,3,0,5829.0
21.6,48.7,4,0,5677.0
29.7,93.5,5,0,5945.0
12.2,49.6,6,0,6311.0
28.7,75.4,7,0,6748.0
41.2,72.7,8,0,8756.0
14.1,64.7,9,0,7824.0
26.5,49.9,10,0,8516.0
19.7,57.7,11,0,8969.0
28.4,27.7,12,0,9873.0
25.2,63.4,13,0,9923.0
19.9,65.2,14,0,10414.0
28.9,62.0,15,0,10289.0
39.4,20.0,16,0,12215.0
23.5,41.0,17,0,9823.0
30.8,48.8,18,0,9642.0
14.7,64.4,19,0,9447.0
17.3,64.3,20,0,8450.0
28.8,57.4,21,0,8468.0
36.9,69.5,22,0,8823.0
27.8,44.6,23,0,6958.0
22.5,69.2,0,0,6512.0
25.0,67.1,1,0,5944.0
15.0,65.7,2,0,5707.0
29.8,57.3,3,0,6132.0
32.1,87.5,4,0,6313.0
21.4,67.4,5,0,5776.0
21.2,45.5,6,0,6420.0
27.1,63.7,7,1,4877.0
21.5,71.3,8,0,7643.0
24.5,51.2,9,0,8268.0
41.8,76.3,10,0,10930.0
23.0,65.7,11,0,9432.0
22.1,24.9,12,0,9680.0
19.8,64.5,13,0,10057.0
31.0,53.9,14,0,10515.0
23.6,68.1,15,1,9250.0
19.8,74.2,16,0,10221.0
35.6,62.9,17,0,11282.0
36.4,85.0,18,0,11001.0
20.2,57.3,19,0,8932.0
10.1,69.4,20,0,8272.0
33.1,72.1,21,0,8760.0
19.5,58.5,22,0,7288.0
31.3,71.7,23,0,7281.0
9.2,51.1,0,0,6516.0
32.1,53.7,1,0,6588.0
15.3,40.3,2,0,5833.0
30.8,63.6,3,0,6116.0
25.1,64.9,4,0,5619.0
17.4,77.7,5,0,5721.0
21.7,71.9,6,0,6356.0
30.5,55.7,7,0,7190.0
25.8,42.3,8,0,7562.0
29.7,66.5,9,0,8221.0
40.8,76.7,10,0,10483.0
12.5,71.3,11,0,9154.0
37.9,76.3,12,0,11004.0
25.8,56.8,13,0,10368.0
17.8,53.0,14,0,10546.0
14.4,48.9,15,0,10157.0
23.5,59.2,16,0,10479.0
32.4,58.8,17,0,10365.0
24.0,63.1,18,0,9894.0
37.1,58.1,19,0,10424.0
13.4,58.0,20,0,8693.0
24.9,48.3,21,0,7614.0
15.0,74.1,22,0,7139.0
27.9,61.1,23,1,5394.0
32.1,57.4,0,0,6777.0
21.6,48.8,1,0,5754.0
4.2,40.0,2,0,5961.0
26.6,79.6,3,0,6042.0
28.5,68.3,4,0,5943.0
28.2,35.6,5,0,5738.0
34.9,71.4,6,0,7689.0
16.4,73.8,7,0,6488.0
30.4,61.9,8,0,7684.0
34.5,84.0,9,0,8992.0
10.8,63.3,10,0,9006.0
27.6,38.7,11,0,9383.0
21.0,65.5,12,0,9604.0
24.3,63.7,13,0,9889.0
27.8,51.0,14,0,10519.0
21.1,68.6,15,0,10293.0
19.6,35.0,16,0,10362.0
25.3,74.9,17,0,9805.0
16.3,46.8,18,0,9811.0
16.3,45.2,19,0,9298.0
30.4,58.3,20,0,8738.0
15.8,66.5,21,0,8206.0
30.3,62.5,22,0,7839.0
28.7,48.9,23,0,7053.0
11.2,52.4,0,0,6227.0
19.6,43.0,1,0,5957.0
34.6,56.6,2,0,6677.0
17.2,76.1,3,0,5570.0
21.3,59.9,4,0,5716.0
28.7,72.9,5,0,6277.0
31.3,81.8,6,0,7008.0
23.0,51.2,7,0,6564.0
20.2,57.2,8,0,7576.0
36.4,92.6,9,0,9495.0
38.9,81.7,10,0,10228.0
32.8,34.9,11,0,10026.0
25.7,65.8,12,0,9796.0
18.5,60.0,13,1,8408.0
18.4,72.4,14,1,8742.0
29.2,48.8,15,0,10727.0
28.3,47.4,16,0,10271.0
36.2,49.9,17,0,11505.0
30.2,51.4,18,0,10289.0
13.0,72.2,19,0,9429.0
33.4,42.3,20,0,9829.0
17.0,50.7,21,0,7982.0
21.9,33.2,22,0,7414.0
27.0,75.1,23,0,6864.0
41.0,79.1,0,0,8236.0
49.9,55.1,1,0,9312.0
29.9,55.5,2,0,5618.0
23.5,66.8,3,0,5641.0
29.3,82.1,4,0,5598.0
32.1,66.1,5,0,6344.0
22.4,49.5,6,0,6450.0
39.4,35.7,7,0,8464.0
26.8,43.3,8,0,7518.0
29.0,61.1,9,0,8103.0
30.3,50.2,10,0,9192.0
28.4,62.9,11,0,9208.0
31.7,51.7,12,0,9863.0
20.1,44.1,13,0,10124.0
20.5,42.3,14,0,9884.0
16.2,83.4,15,0,10109.0
28.5,73.3,16,0,10219.0
31.2,86.0,17,0,10362.0
28.7,68.1,18,0,9687.0
38.4,53.6,19,0,10551.0
25.0,79.9,20,0,8340.0
30.3,59.5,21,0,8661.0
16.3,63.3,22,0,7243.0
21.9,59.4,23,0,6354.0
30.6,20.0,0,0,6615.0
31.8,84.1,1,0,6266.0
22.6,67.4,2,0,5505.0
24.4,64.9,3,0,5742.0
12.9,59.1,4,0,5592.0
22.1,62.5,5,0,5691.0
32.1,51.0,6,0,7011.0
29.6,69.2,7,0,7270.0
29.0,40.4,8,0,7637.0
25.4,62.8,9,0,7509.0
25.1,68.4,10,0,8398.0
19.7,57.0,11,0,9209.0
30.6,65.6,12,0,10037.0
28.4,45.1,13,0,10068.0
28.9,45.5,14,0,10262.0
20.8,63.6,15,0,10119.0
7.8,70.2,16,0,10720.0
33.8,31.9,17,0,10950.0
21.2,67.8,18,0,9825.0
18.1,51.9,19,0,9201.0
30.5,57.1,20,0,9013.0
21.9,39.9,21,0,7988.0
33.5,47.2,22,0,7977.0
29.9,74.5,23,0,6788.0
30.5,60.5,0,0,6750.0
14.1,54.3,1,0,5959.0
34.7,58.3,2,0,6874.0
27.1,67.3,3,0,5747.0
22.0,66.6,4,0,5520.0
26.1,58.9,5,0,6148.0
10.8,76.4,6,0,6456.0
28.3,74.6,7,0,6979.0
16.8,66.2,8,0,7829.0
14.2,60.8,9,0,8409.0
12.8,69.9,10,0,8759.0
33.9,64.7,11,0,10198.0
20.0,75.9,12,0,9913.0
37.3,73.5,13,0,11352.0
20.7,44.7,14,0,10204.0
11.3,43.7,15,0,10535.0
16.1,49.5,16,0,10147.0
34.9,74.6,17,0,11230.0
23.8,36.4,18,0,9728.0
20.6,65.9,19,0,9029.0
26.3,65.4,20,0,8626.0
29.0,77.4,21,0,8413.0
33.9,62.7,22,0,8286.0
36.6,39.9,23,0,8106.0
22.1,45.6,0,0,6369.0
14.4,42.3,1,0,6013.0
21.7,51.9,2,0,5616.0
27.1,57.3,3,0,5670.0
17.3,42.5,4,0,5472.0
17.3,82.1,5,0,5762.0
27.8,40.1,6,1,4669.0
24.6,80.2,7,0,6894.0
25.3,77.8,8,0,7411.0
18.9,73.5,9,0,7973.0
23.2,49.6,10,0,8759.0
17.6,65.1,11,1,7776.0
32.1,40.8,12,0,10257.0
33.3,73.7,13,0,10664.0
10.2,58.9,14,0,10154.0
17.6,53.9,15,0,10107.0
13.0,41.6,16,0,10346.0
19.8,22.8,17,0,9906.0
24.3,44.4,18,0,9598.0
13.4,76.7,19,0,9174.0
17.6,54.0,20,0,8830.0
17.0,57.5,21,0,8186.0
26.7,69.8,22,0,7368.0
25.6,87.1,23,0,7053.0
19.2,79.9,0,0,5900.0
26.4,45.4,1,0,6297.0
20.6,30.9,2,0,5820.0
22.8,95.4,3,0,5621.0
38.4,94.0,4,0,7062.0
35.7,62.8,5,0,6992.0
14.6,40.9,6,0,6425.0
31.6,74.4,7,1,5972.0
31.5,58.4,8,0,8036.0
15.8,58.3,9,0,7854.0
31.6,73.4,10,0,8968.0
37.3,65.0,11,0,10635.0
16.0,42.2,12,0,9851.0
17.7,55.1,13,0,10079.0
33.1,69.9,14,0,11386.0
27.2,67.7,15,0,10407.0
29.4,63.9,16,0,10530.0
27.7,74.0,17,0,10213.0
28.1,54.6,18,0,9960.0
14.4,62.7,19,0,8930.0
33.4,20.0,20,0,9204.0
34.4,53.3,21,0,8891.0
23.2,71.5,22,0,8011.0
24.7,54.1,23,0,6748.0
12.8,53.0,0,0,6279.0
29.1,44.4,1,0,6212.0
29.6,75.1,2,0,6114.0
24.5,68.2,3,1,4134.0
34.0,72.4,4,0,6814.0
22.3,34.1,5,0,5683.0
29.5,57.6,6,0,6377.0
16.8,55.8,7,0,7032.0
24.8,55.8,8,0,7381.0
23.6,50.8,9,0,7748.0
26.8,54.8,10,0,8357.0
22.0,72.7,11,0,9038.0
23.9,31.3,12,0,9697.0
31.6,86.7,13,0,10713.0
21.5,67.3,14,0,10252.0
12.1,59.4,15,0,10477.0
39.0,73.6,16,0,11880.0
36.1,38.2,17,0,11531.0
14.7,50.0,18,0,10207.0
30.5,58.2,19,0,9499.0
21.0,80.5,20,0,8717.0
27.1,59.3,21,0,8080.0
27.4,66.8,22,0,7407.0
23.1,51.2,23,0,6931.0
18.7,67.3,0,0,6399.0
19.5,85.2,1,0,5827.0
17.7,74.9,2,0,5945.0
18.3,58.8,3,0,5640.0
24.5,70.1,4,0,5605.0
19.3,68.7,5,0,6410.0
30.5,67.6,6,0,6648.0
36.9,76.7,7,0,8186.0
20.4,76.6,8,0,7414.0
26.9,58.1,9,0,7974.0
29.0,69.6,10,0,8861.0
28.8,54.3,11,0,9147.0
25.6,46.2,12,0,9816.0
30.9,56.0,13,0,10168.0
28.9,58.9,14,0,10187.0
15.1,35.1,15,0,10765.0
32.0,72.9,16,1,9160.0
32.1,20.0,17,0,10301.0
18.9,100.0,18,0,9451.0
25.3,82.5,19,0,9548.0
30.5,56.1,20,0,8633.0
23.3,60.1,21,0,7809.0
33.6,64.5,22,0,7925.0
43.9,51.2,23,0,9132.0
18.7,62.9,0,0,6216.0
14.0,57.8,1,0,5825.0
27.4,58.6,2,0,6053.0
30.8,62.7,3,1,4276.0
23.2,40.3,4,0,5661.0
36.6,60.6,5,0,7283.0
14.3,62.5,6,0,6107.0
30.5,61.9,7,0,7279.0
20.2,56.8,8,0,7299.0
38.8,77.1,9,0,9688.0
40.9,54.7,10,0,10541.0
18.9,63.4,11,0,8790.0
20.6,79.5,12,0,9958.0
31.9,58.8,13,0,11074.0
21.9,63.2,14,0,10283.0
24.6,58.6,15,0,10220.0
25.2,78.6,16,0,10619.0
9.6,56.1,17,0,10457.0
24.9,79.3,18,0,9663.0
19.5,58.4,19,0,9156.0
21.1,47.1,20,0,8605.0
36.5,70.2,21,0,8947.0
14.9,55.4,22,0,7321.0
31.5,69.3,23,1,6169.0
22.8,20.0,0,0,6269.0
22.8,60.1,1,0,5714.0
31.3,53.1,2,0,6280.0
27.7,44.1,3,0,5467.0
29.6,51.7,4,0,5903.0
32.7,51.4,5,0,6380.0
22.3,59.3,6,0,6096.0
20.1,39.5,7,0,6948.0
16.3,64.7,8,0,7402.0
18.4,80.5,9,0,7845.0
48.6,64.2,10,0,11734.0
35.0,72.1,11,0,10122.0
14.2,76.4,12,0,9540.0
14.4,78.5,13,0,10311.0
28.9,88.1,14,0,10603.0
29.4,52.5,15,0,10602.0
29.4,49.2,16,0,10556.0
23.0,71.8,17,0,10077.0
24.0,70.6,18,0,9794.0
27.6,71.6,19,0,9040.0
25.7,88.3,20,0,8794.0
7.2,60.2,21,0,8071.0
23.2,66.4,22,0,7326.0
18.2,45.3,23,0,6702.0
26.4,92.0,0,0,6471.0
48.9,55.0,1,0,9024.0
27.9,55.4,2,0,5542.0
22.5,54.8,3,1,4023.0
32.4,50.3,4,0,6492.0
28.9,49.1,5,0,5729.0
28.4,52.1,6,0,6286.0
29.9,39.5,7,0,7292.0
41.5,48.2,8,0,9363.0
16.0,89.2,9,1,6555.0
28.8,71.0,10,0,8957.0
17.6,73.9,11,0,9378.0
29.4,77.7,12,0,9826.0
17.7,87.5,13,0,10052.0
21.7,33.4,14,0,10499.0
22.6,41.6,15,0,10588.0
32.8,47.9,16,0,11022.0
32.3,53.0,17,0,10720.0
15.0,55.5,18,0,9751.0
25.4,53.3,19,0,9473.0
19.3,63.3,20,0,8835.0
14.9,60.5,21,0,8139.0
23.3,49.2,22,0,7163.0
22.5,27.4,23,0,6745.0
44.4,45.1,0,0,8721.0
28.5,51.8,1,0,6275.0
14.0,56.3,2,0,5634.0
20.5,43.1,3,0,5851.0
33.2,52.6,4,0,6343.0
41.7,43.0,5,0,7879.0
12.3,58.1,6,0,6399.0
10.0,43.9,7,0,7114.0
40.0,47.3,8,0,9132.0
28.1,40.4,9,0,7505.0
18.1,57.7,10,1,6808.0
29.3,47.0,11,0,9451.0
3.9,73.6,12,0,9402.0
25.0,66.1,13,0,9905.0
27.6,59.0,14,0,10321.0
32.4,48.0,15,0,10569.0
16.9,65.7,16,0,10242.0
25.7,70.4,17,0,9845.0
17.6,62.1,18,0,9397.0
27.0,84.1,19,0,9040.0
17.8,66.9,20,0,8407.0
21.7,73.7,21,0,8094.0
17.0,62.0,22,0,7618.0
30.2,70.1,23,0,7058.0
31.9,48.0,0,0,6764.0
23.1,53.1,1,0,5839.0
25.3,65.2,2,0,5460.0
13.4,65.1,3,0,5342.0
22.6,67.6,4,0,5353.0
24.6,76.5,5,0,5656.0
46.0,38.6,6,0,9324.0
16.1,45.4,7,0,6662.0
36.7,63.4,8,0,8098.0
33.0,49.1,9,0,8629.0
27.2,100.0,10,0,8303.0
39.1,67.7,11,0,10872.0
28.0,58.8,12,0,9687.0
28.1,52.3,13,0,10107.0
24.6,52.8,14,0,10310.0
34.8,60.5,15,0,11344.0
33.8,61.7,16,0,10893.0
20.0,53.1,17,0,10064.0
14.4,55.9,18,0,9901.0
23.4,80.2,19,0,9563.0
18.6,80.8,20,0,8574.0
24.5,63.8,21,0,7974.0
34.9,39.9,22,0,8514.0
21.3,68.1,23,0,7099.0
24.7,83.3,0,0,6206.0
25.5,80.5,1,1,4560.0
31.8,71.0,2,0,6085.0
7.0,81.3,3,1,4166.0
20.1,60.8,4,0,5876.0
26.7,69.4,5,0,5663.0
34.6,49.8,6,0,7188.0
21.1,64.4,7,0,6991.0
10.0,79.9,8,0,7502.0
30.0,51.2,9,0,8501.0
19.9,47.1,10,1,7291.0
15.5,61.5,11,0,9132.0
20.0,56.6,12,0,10137.0
23.5,69.7,13,0,10106.0
20.2,53.2,14,0,9707.0
7.4,85.8,15,0,10344.0
32.2,40.7,16,0,10851.0
35.2,78.8,17,0,11317.0
30.2,48.5,18,0,9939.0
15.9,33.1,19,0,9420.0
23.4,63.6,20,0,8733.0
24.9,56.2,21,0,7800.0
29.8,43.4,22,1,6119.0
30.3,34.8,23,0,6997.0
19.1,59.9,0,0,6340.0
25.7,74.6,1,0,5765.0
28.7,68.8,2,0,5795.0
36.6,60.9,3,0,6843.0
30.6,67.2,4,0,6047.0
31.3,59.6,5,0,6829.0
25.7,38.6,6,0,6231.0
36.3,38.7,7,0,7656.0
28.3,57.0,8,0,7624.0
18.1,57.6,9,0,8202.0
36.2,72.8,10,0,9459.0
30.6,71.4,11,0,9447.0
21.5,69.1,12,0,9784.0
21.2,55.8,13,0,10183.0
27.4,39.3,14,0,10317.0
28.7,66.2,15,0,10509.0
26.6,67.9,16,1,8631.0
27.5,24.2,17,0,9598.0
38.6,47.5,18,0,11697.0
33.6,49.6,19,0,9842.0
26.5,61.8,20,0,8656.0
32.5,47.9,21,0,8648.0
16.7,59.4,22,0,7558.0
28.2,56.8,23,0,6850.0
39.5,57.6,0,0,8055.0
23.3,49.3,1,0,5395.0
18.2,50.4,2,0,5515.0
19.8,43.8,3,0,5749.0
16.3,65.7,4,0,5813.0
18.7,68.6,5,0,5731.0
22.0,48.4,6,1,4487.0
13.8,82.8,7,0,6825.0
25.1,55.3,8,0,6797.0
32.2,83.0,9,1,6903.0
17.7,50.4,10,0,8973.0
37.2,29.6,11,0,10862.0
29.1,66.0,12,0,9957.0
33.2,63.7,13,0,10927.0
19.7,60.5,14,0,9928.0
31.8,50.4,15,0,10827.0
16.3,59.5,16,0,10259.0
32.1,52.3,17,0,10553.0
26.4,55.5,18,0,9627.0
29.4,72.6,19,0,9674.0
15.6,62.8,20,0,8513.0
17.8,69.1,21,0,7932.0
29.8,56.5,22,0,7793.0
17.4,54.9,23,0,6516.0
28.7,42.7,0,0,6241.0
14.1,54.4,1,0,5774.0
31.8,20.0,2,0,6261.0
15.1,51.1,3,0,5531.0
29.4,58.8,4,0,5832.0
30.0,68.5,5,1,4589.0
19.4,56.0,6,0,6089.0
29.7,65.2,7,0,7170.0
27.1,27.3,8,0,7311.0
20.7,59.1,9,0,8124.0
16.9,34.8,10,0,8399.0
9.3,41.9,11,0,9067.0
27.8,57.2,12,0,9653.0
12.5,79.1,13,0,10053.0
25.8,65.6,14,0,10469.0
22.9,60.3,15,0,10314.0
30.4,59.7,16,0,10833.0
22.6,49.3,17,0,10153.0
22.4,51.8,18,0,9676.0
30.9,66.4,19,1,7938.0
27.7,39.2,20,0,8773.0
27.5,68.9,21,0,7815.0
28.8,54.2,22,0,7488.0
12.7,72.4,23,0,6789.0
31.1,74.4,0,0,6720.0
29.9,34.9,1,0,6129.0
16.9,51.3,2,0,5517.0
23.0,47.2,3,0,5277.0
24.7,32.8,4,0,5963.0
23.9,44.5,5,0,5823.0
27.7,96.6,6,0,6277.0
36.5,69.1,7,0,8041.0
33.7,88.8,8,0,8446.0
14.5,72.4,9,0,8387.0
30.0,48.9,10,0,8950.0
35.6,54.3,11,0,10313.0
28.1,68.8,12,0,9487.0
33.7,66.6,13,0,10649.0
41.1,51.3,14,0,11928.0
33.2,37.4,15,0,11019.0
27.0,100.0,16,0,9900.0
33.4,57.9,17,0,11098.0
26.2,55.1,18,0,9782.0
25.2,61.7,19,0,9150.0
22.2,56.4,20,0,8843.0
37.5,61.8,21,0,9212.0
18.5,79.3,22,0,7215.0
37.3,58.1,23,0,7802.0
29.0,42.6,0,0,6608.0
13.8,57.6,1,0,5759.0
27.9,53.0,2,0,5685.0
8.2,81.4,3,0,5801.0
30.0,77.6,4,0,6257.0
32.1,61.6,5,0,6528.0
20.3,40.8,6,0,6380.0
26.0,41.6,7,0,6619.0
40.6,60.2,8,0,9610.0
21.0,65.0,9,0,7967.0
16.5,54.4,10,0,8637.0
36.9,52.8,11,0,10447.0
40.7,51.1,12,0,11842.0
25.0,59.6,13,0,10118.0
33.1,24.3,14,0,11234.0
35.7,43.5,15,0,11631.0
19.1,50.6,16,0,10274.0
21.1,78.1,17,1,8764.0
34.8,47.8,18,0,10793.0
38.5,62.7,19,0,10580.0
29.5,63.4,20,0,8649.0
18.0,79.5,21,0,8030.0
40.9,78.9,22,0,9495.0
20.8,59.1,23,0,7128.0
22.3,52.9,0,0,5948.0
27.7,50.0,1,0,5927.0
37.4,56.4,2,0,7195.0
31.8,53.5,3,0,6234.0
28.3,68.3,4,0,5931.0
28.7,66.3,5,0,6159.0
25.3,68.9,6,0,6106.0
29.5,78.9,7,0,6817.0
4.8,87.9,8,0,7441.0
22.6,61.9,9,0,8198.0
26.9,76.5,10,0,8650.0
15.8,54.7,11,0,8884.0
28.1,77.8,12,0,9501.0
23.4,75.9,13,0,10217.0
39.0,75.1,14,0,11905.0
37.6,61.4,15,0,11861.0
21.3,50.0,16,0,10531.0
23.8,39.1,17,0,9838.0
24.4,59.4,18,0,9614.0
21.4,83.0,19,0,9095.0
26.6,55.4,20,0,8692.0
18.9,71.8,21,0,8155.0
16.0,72.7,22,0,7083.0
30.0,55.7,23,0,7096.0
30.0,79.7,0,0,6782.0
18.6,20.0,1,0,5551.0
32.2,41.7,2,0,6293.0
19.9,46.3,3,0,5357.0
27.0,47.7,4,0,5553.0
31.6,65.0,5,0,5955.0
24.7,64.4,6,0,6581.0
28.6,65.9,7,0,6825.0
20.9,68.9,8,0,7217.0
23.4,45.7,9,0,8066.0
23.4,41.7,10,0,8413.0
19.0,65.9,11,0,8973.0
23.6,50.5,12,0,9999.0
12.6,36.4,13,0,10440.0
21.1,74.6,14,0,10200.0
22.7,80.9,15,0,10613.0
23.0,83.4,16,0,10389.0
23.1,62.8,17,0,9796.0
24.5,69.4,18,0,9511.0
28.8,80.5,19,0,9636.0
32.0,50.4,20,0,8935.0
19.8,76.7,21,0,8456.0
15.4,64.1,22,0,7265.0
16.7,73.7,23,0,7116.0
21.1,62.8,0,0,6242.0
22.2,79.4,1,0,6082.0
18.8,63.4,2,0,5961.0
14.6,37.7,3,0,5878.0
21.4,81.8,4,0,5565.0
26.5,45.8,5,0,5750.0
29.8,78.8,6,0,6551.0
20.5,58.6,7,0,6540.0
21.7,77.6,8,0,7427.0
17.6,77.0,9,0,7836.0
24.7,66.5,10,0,8838.0
18.2,67.6,11,0,9086.0
29.6,66.3,12,0,9586.0
10.7,29.8,13,0,10359.0
22.1,61.8,14,0,10355.0
27.4,43.3,15,0,10406.0
26.5,62.6,16,0,10537.0
46.5,42.9,17,0,13034.0
27.8,42.2,18,1,8045.0
17.0,84.1,19,0,9110.0
24.2,76.0,20,0,8399.0
10.8,59.9,21,0,7707.0
24.4,62.8,22,1,5995.0
18.3,56.3,23,1,5378.0
32.3,68.5,0,0,7104.0
20.6,49.9,1,0,6178.0
24.1,74.9,2,0,5837.0
19.9,56.2,3,0,5773.0
38.9,53.7,4,0,6903.0
22.4,60.3,5,0,5860.0
39.7,51.1,6,0,8245.0
31.5,64.9,7,0,7093.0
28.9,51.9,8,0,7526.0
27.9,67.0,9,0,8104.0
28.2,78.2,10,0,8732.0
9.6,49.2,11,0,9274.0
22.8,58.0,12,0,9817.0
31.8,66.9,13,0,10679.0
24.6,53.5,14,0,10026.0
13.8,67.0,15,0,10501.0
24.6,68.3,16,0,10375.0
38.6,76.2,17,0,11383.0
35.0,50.9,18,0,11019.0
24.5,45.9,19,0,9307.0
32.6,55.4,20,0,9037.0
22.1,45.5,21,0,7837.0
11.4,68.5,22,0,7266.0
17.6,42.6,23,0,6687.0
37.5,95.0,0,0,7787.0
22.8,79.4,1,0,5726.0
23.1,60.2,2,0,5907.0
22.6,73.0,3,0,5809.0
40.2,35.4,4,0,7641.0
38.0,97.9,5,0,7432.0
42.8,51.1,6,0,8703.0
23.7,58.2,7,0,6745.0
27.4,32.2,8,0,7234.0
12.9,67.3,9,0,8238.0
36.8,43.4,10,0,10007.0
15.7,61.5,11,0,9063.0
26.7,51.8,12,0,9614.0
16.2,43.8,13,0,9931.0
20.3,47.9,14,0,10723.0
18.3,63.4,15,0,10401.0
20.1,40.8,16,0,10350.0
20.7,48.8,17,0,10223.0
20.6,69.9,18,0,9454.0
31.7,99.0,19,0,9969.0
16.2,67.2,20,0,8500.0
26.8,46.2,21,0,8366.0
34.7,54.5,22,0,8328.0
20.9,60.5,23,0,7008.0
19.3,54.8,0,0,5804.0
23.2,73.5,1,0,5687.0
34.4,63.3,2,0,6589.0
26.6,73.6,3,0,5194.0
20.8,55.3,4,0,5802.0
28.9,79.9,5,0,6115.0
16.2,57.5,6,0,6105.0
30.5,45.4,7,0,7164.0
28.3,92.7,8,0,7580.0
22.5,32.6,9,0,7579.0
18.3,48.9,10,0,8366.0
17.9,50.6,11,0,9133.0
29.3,97.6,12,0,9894.0
34.8,87.1,13,0,11092.0
19.9,82.4,14,0,10496.0
28.7,55.0,15,0,10596.0
8.3,96.4,16,0,10458.0
20.3,65.5,17,0,9800.0
24.8,74.7,18,0,9726.0
17.7,62.7,19,0,9139.0
17.5,59.3,20,0,8914.0
19.7,56.2,21,0,8035.0
27.3,56.9,22,0,7245.0
23.5,69.1,23,0,6971.0
7.1,65.5,0,0,6416.0
8.0,59.5,1,0,5757.0
20.1,82.6,2,0,5612.0
28.7,20.0,3,0,5633.0
3.0,67.6,4,0,5927.0
21.0,70.8,5,0,5962.0
20.8,77.2,6,0,6448.0
36.1,59.0,7,0,7917.0
21.9,63.1,8,0,7446.0
28.1,74.8,9,0,8270.0
26.1,82.4,10,0,8549.0
8.0,55.5,11,0,9223.0
31.1,64.0,12,0,9896.0
26.7,85.2,13,0,9925.0
29.1,28.1,14,0,10411.0
56.4,49.6,15,0,14449.0
8.3,82.0,16,0,10583.0
38.8,76.4,17,0,11530.0
22.7,67.8,18,0,9854.0
27.3,53.3,19,0,9237.0
24.6,46.8,20,0,8627.0
21.6,51.1,21,0,8297.0
20.4,83.2,22,1,5427.0
27.6,50.6,23,0,6761.0
12.9,61.5,0,0,6087.0
31.0,48.7,1,0,5980.0
21.7,72.6,2,0,5443.0
16.0,51.9,3,0,5603.0
21.4,58.5,4,0,5537.0
35.1,34.7,5,0,7159.0
20.7,35.8,6,0,6260.0
27.9,60.1,7,0,6735.0
19.2,40.1,8,0,7315.0
31.1,91.6,9,0,8440.0
30.5,29.1,10,0,8910.0
39.8,48.0,11,0,10798.0
23.6,60.3,12,0,9895.0
30.3,54.5,13,1,8806.0
25.8,43.4,14,0,10242.0
35.4,45.6,15,0,11591.0
19.2,45.1,16,0,10382.0
31.0,55.7,17,0,10344.0
23.4,89.3,18,0,9848.0
24.5,61.2,19,0,9308.0
25.7,77.7,20,0,8657.0
27.0,67.6,21,0,7914.0
24.1,76.7,22,0,7297.0
26.7,20.0,23,0,6760.0
37.6,55.4,0,0,7500.0
32.9,79.6,1,0,6646.0
32.0,51.4,2,0,6453.0
21.4,86.4,3,0,5775.0
17.9,82.3,4,0,5606.0
32.6,53.0,5,0,6831.0
32.0,52.5,6,0,7285.0
36.8,44.8,7,0,8054.0
20.2,50.6,8,0,7517.0
23.2,41.5,9,0,7547.0
11.9,66.4,10,0,8370.0
21.9,38.2,11,0,9218.0
33.0,69.1,12,0,10242.0
21.3,69.4,13,0,10486.0
30.1,35.1,14,0,10756.0
23.5,83.2,15,0,10593.0
27.6,67.7,16,0,10312.0
15.8,71.2,17,0,9878.0
25.7,48.6,18,0,9593.0
1.1,69.3,19,0,9251.0
23.5,76.9,20,0,8494.0
12.0,58.5,21,0,8134.0
34.6,90.0,22,0,8518.0
31.2,60.7,23,1,5784.0
28.7,77.1,0,0,6048.0
37.2,64.4,1,0,7640.0
17.4,68.8,2,0,5639.0
39.0,34.9,3,0,7789.0
32.5,65.6,4,0,6481.0
23.1,49.0,5,0,5880.0
34.1,47.3,6,0,7305.0
16.1,86.2,7,0,6396.0
18.4,56.8,8,0,7584.0
20.1,45.0,9,0,8513.0
20.8,54.6,10,0,8203.0
16.5,40.5,11,0,9143.0
34.8,81.5,12,0,10694.0
22.9,49.6,13,0,10254.0
27.8,67.9,14,0,10739.0
20.4,80.3,15,1,8977.0
10.4,52.5,16,0,10747.0
27.2,68.0,17,0,10113.0
9.7,44.5,18,0,9787.0
24.5,96.7,19,0,9266.0
14.1,74.0,20,0,8865.0
40.9,57.1,21,0,9850.0
32.3,48.4,22,0,8186.0
25.8,58.3,23,0,6554.0
35.1,54.9,0,0,7312.0
18.2,89.3,1,1,4294.0
29.3,41.6,2,0,5902.0
26.6,62.0,3,0,5537.0
27.1,59.7,4,0,5908.0
35.2,58.2,5,0,6823.0
30.9,58.4,6,0,6386.0
27.3,58.3,7,0,6529.0
11.8,73.1,8,0,7578.0
17.3,69.1,9,0,7806.0
24.0,66.3,10,0,8701.0
25.7,20.0,11,0,9141.0
16.0,64.5,12,0,9862.0
44.3,35.2,13,0,12476.0
37.1,69.7,14,0,12241.0
29.8,82.1,15,0,11052.0
25.6,46.1,16,0,10255.0
23.3,56.1,17,0,9988.0
17.4,51.0,18,0,10324.0
25.6,78.5,19,0,8984.0
27.1,61.4,20,0,8610.0
15.1,85.9,21,0,8004.0
27.7,66.2,22,0,7378.0
23.8,63.6,23,0,6452.0
9.7,61.0,0,0,6402.0
18.1,72.3,1,1,4227.0
21.7,33.9,2,0,5969.0
40.1,61.3,3,0,7124.0
29.5,58.9,4,0,5912.0
14.3,70.9,5,0,5478.0
28.9,57.2,6,0,6005.0
12.6,44.4,7,0,6632.0
33.7,60.1,8,0,8088.0
21.2,43.8,9,0,8293.0
24.3,31.1,10,0,8613.0
35.6,70.9,11,0,10599.0
14.7,68.7,12,0,9621.0
13.8,67.0,13,0,10200.0
20.3,79.5,14,0,10173.0
33.3,50.0,15,0,11037.0
12.8,38.5,16,0,9954.0
2.3,58.9,17,0,10146.0
21.4,54.8,18,0,9749.0
29.4,47.4,19,0,9568.0
34.6,58.8,20,0,9654.0
21.3,50.8,21,0,8405.0
21.7,32.5,22,0,7414.0
34.2,53.4,23,0,7933.0
10.0,43.0,0,0,6238.0
21.9,63.5,1,0,5740.0
26.5,50.2,2,0,5825.0
28.6,76.7,3,0,5671.0
20.9,84.1,4,0,5848.0
25.3,70.2,5,0,5992.0
5.1,36.7,6,0,6144.0
19.7,82.6,7,0,7015.0
28.6,83.6,8,0,7299.0
17.1,60.3,9,0,8125.0
25.5,79.8,10,0,8877.0
28.6,51.7,11,0,9209.0
22.3,32.0,12,0,9928.0
26.4,48.6,13,0,10158.0
17.3,85.9,14,0,10489.0
23.3,37.6,15,0,10233.0
29.9,60.0,16,0,10643.0
26.3,60.5,17,0,9797.0
20.3,52.3,18,0,10039.0
26.8,53.3,19,0,8797.0
30.7,61.1,20,0,8958.0
8.6,51.6,21,0,7814.0
34.3,38.7,22,0,8455.0
22.3,63.2,23,0,7185.0
28.4,76.1,0,0,6495.0
34.6,73.0,1,0,7500.0
14.0,47.9,2,0,5406.0
19.3,41.2,3,0,5340.0
22.7,55.7,4,0,5503.0
18.7,83.5,5,0,5946.0
38.9,69.7,6,0,7729.0
18.1,70.6,7,0,6650.0
20.6,73.3,8,0,7503.0
26.6,66.3,9,0,7752.0
15.4,61.8,10,0,8395.0
21.8,69.9,11,0,9120.0
27.5,51.8,12,0,9636.0
22.3,38.8,13,0,10280.0
24.3,70.8,14,0,10138.0
20.8,78.6,15,0,10256.0
12.9,43.2,16,0,10435.0
27.6,72.3,17,0,10239.0
39.0,85.2,18,0,11639.0
25.1,60.0,19,0,9294.0
26.8,47.7,20,0,8647.0
30.5,61.8,21,0,8496.0
14.8,51.7,22,0,7325.0
38.6,50.7,23,0,8338.0
26.6,66.5,0,0,5948.0
38.1,35.9,1,0,7608.0
19.1,38.3,2,0,5724.0
39.5,60.3,3,0,7487.0
31.2,59.7,4,0,5599.0
29.4,65.2,5,0,6126.0
26.9,88.1,6,0,6132.0
23.0,61.6,7,0,7100.0
34.6,69.0,8,0,8492.0
26.1,45.4,9,0,8047.0
9.3,71.5,10,0,8535.0
16.1,52.1,11,0,9279.0
23.5,61.1,12,0,9511.0
27.5,58.4,13,0,10059.0
24.5,75.5,14,0,10203.0
34.8,40.4,15,0,11866.0
9.4,25.8,16,0,10612.0
26.1,56.8,17,0,10291.0
10.5,67.0,18,0,9399.0
31.1,62.3,19,0,9834.0
24.2,78.5,20,1,7159.0
28.4,66.6,21,0,8298.0
18.1,51.5,22,0,7443.0
35.2,25.1,23,0,7884.0
33.3,56.4,0,0,7150.0
29.7,75.4,1,0,5811.0
24.0,54.1,2,0,5528.0
29.6,60.4,3,0,5920.0
19.3,66.3,4,0,5910.0
31.8,44.8,5,1,4888.0
38.2,69.3,6,0,7824.0
33.6,84.6,7,0,7315.0
19.2,57.4,8,0,7671.0
27.9,43.1,9,0,8223.0
14.7,59.0,10,0,8752.0
29.6,26.6,11,0,9518.0
28.6,65.1,12,0,10098.0
10.0,66.8,13,0,9917.0
15.7,85.1,14,0,10136.0
22.7,57.1,15,0,10612.0
22.6,66.1,16,0,10517.0
15.3,47.1,17,0,9840.0
28.1,54.7,18,0,9608.0
27.0,37.1,19,0,9538.0
23.4,57.1,20,0,8703.0
19.0,55.4,21,0,8157.0
33.4,64.5,22,0,7955.0
38.2,50.6,23,1,6968.0
21.1,61.3,0,0,6019.0
20.1,55.0,1,0,5526.0
28.9,55.0,2,0,5967.0
22.1,61.2,3,0,5887.0
23.9,60.6,4,0,5631.0
30.9,71.4,5,0,6250.0
9.7,58.2,6,0,6645.0
35.5,54.8,7,0,7893.0
25.6,57.3,8,0,7366.0
21.7,49.3,9,0,8339.0
24.3,54.6,10,0,8550.0
24.7,90.5,11,0,9069.0
11.2,46.3,12,0,9860.0
37.0,55.8,13,0,11280.0
25.3,54.2,14,0,10289.0
28.5,56.3,15,0,10218.0
32.6,55.0,16,0,11047.0
16.8,64.2,17,0,10092.0
28.8,34.3,18,0,10009.0
22.9,75.6,19,0,9371.0
31.8,69.5,20,0,9298.0
8.0,41.4,21,0,8079.0
24.2,26.0,22,0,7364.0
20.2,45.3,23,0,6922.0
28.5,56.4,0,0,6149.0
28.8,98.7,1,0,5566.0
19.3,68.1,2,0,5914.0
19.3,32.9,3,0,5735.0
24.1,49.7,4,0,5656.0
17.8,59.2,5,0,6136.0
31.7,63.8,6,0,6717.0
22.0,40.3,7,0,6659.0
1.7,58.0,8,0,7210.0
22.0,49.2,9,0,8114.0
16.7,43.4,10,0,8305.0
11.9,63.9,11,0,9047.0
15.1,71.6,12,0,9755.0
25.9,72.6,13,0,9838.0
35.6,68.6,14,0,11331.0
27.5,52.5,15,0,9958.0
20.1,70.7,16,0,10439.0
28.6,64.6,17,0,10038.0
21.3,62.0,18,0,9477.0
19.4,50.8,19,0,8941.0
15.8,52.5,20,0,8538.0
11.0,61.1,21,0,7684.0
21.9,96.6,22,0,7767.0
26.3,64.5,23,0,6323.0
24.2,50.8,0,0,6213.0
21.7,47.5,1,0,5943.0
17.4,52.6,2,1,4027.0
29.9,92.7,3,0,5922.0
14.5,54.0,4,0,5522.0
31.2,73.6,5,0,6709.0
17.0,54.4,6,0,6079.0
19.0,63.9,7,1,4830.0
13.3,71.9,8,0,7119.0
21.0,51.4,9,0,8077.0
32.8,50.4,10,0,9318.0
29.1,84.9,11,0,9519.0
32.8,74.8,12,0,10522.0
29.2,71.9,13,0,10128.0
16.2,71.8,14,0,10220.0
22.4,66.9,15,0,10323.0
18.8,90.3,16,0,10695.0
35.6,60.7,17,0,11363.0
15.4,68.7,18,0,10075.0
32.1,38.2,19,0,9991.0
32.1,47.6,20,0,9230.0
39.6,42.0,21,0,9542.0
21.7,79.1,22,0,7419.0
30.7,21.7,23,0,7193.0
43.3,54.0,0,0,8572.0
20.1,20.0,1,0,5880.0
12.7,47.5,2,0,5271.0
10.0,52.6,3,0,5852.0
30.7,80.8,4,0,6077.0
9.9,65.9,5,0,5639.0
22.0,47.5,6,0,6399.0
28.5,76.0,7,0,6704.0
26.5,60.3,8,0,7491.0
28.4,60.6,9,0,8237.0
26.8,42.0,10,0,8825.0
35.2,45.1,11,0,10252.0
17.4,47.6,12,0,9614.0
19.6,60.7,13,0,9953.0
18.8,61.2,14,0,10174.0
31.6,83.2,15,0,10943.0
32.2,65.8,16,0,10907.0
28.6,20.0,17,0,10005.0
34.5,63.9,18,0,10438.0
15.6,38.2,19,0,9178.0
38.3,45.5,20,0,10085.0
37.2,47.8,21,0,9150.0
30.9,50.0,22,0,7978.0
39.3,39.4,23,0,8843.0
11.7,63.1,0,0,6495.0
20.8,38.8,1,0,5778.0
19.1,65.4,2,0,5672.0
30.8,93.6,3,0,6324.0
16.6,40.1,4,0,5447.0
31.1,55.7,5,0,6537.0
36.0,22.1,6,0,7208.0
30.6,55.5,7,0,7521.0
27.3,69.6,8,0,7293.0
17.1,70.8,9,0,8446.0
18.2,61.2,10,0,8967.0
35.0,73.3,11,0,10228.0
31.2,98.2,12,1,8538.0
24.7,85.7,13,0,10117.0
21.7,52.2,14,0,10282.0
8.8,38.2,15,0,10320.0
16.4,53.9,16,0,9987.0
40.3,45.8,17,0,11819.0
14.8,66.8,18,0,9475.0
26.5,42.3,19,0,9310.0
33.1,58.9,20,0,9578.0
15.0,72.6,21,0,8148.0
26.5,58.5,22,0,7447.0
32.5,45.8,23,0,7305.0
25.1,77.6,0,0,6344.0
47.9,31.8,1,0,9072.0
11.7,55.1,2,0,5565.0
33.5,59.4,3,0,6444.0
23.6,60.2,4,0,5653.0
31.2,62.7,5,0,6730.0
28.5,69.2,6,0,6553.0
19.1,59.5,7,0,6922.0
26.8,54.5,8,0,7035.0
10.1,53.9,9,0,8035.0
29.8,50.8,10,0,8864.0
27.4,71.8,11,0,9167.0
30.1,50.3,12,0,9701.0
33.5,72.7,13,0,10681.0
27.9,60.3,14,0,10305.0
26.2,52.2,15,0,10623.0
18.0,69.3,16,0,10200.0
19.3,49.1,17,0,9998.0
34.5,69.6,18,0,11027.0
36.5,63.2,19,0,10414.0
23.1,51.1,20,0,8595.0
25.4,67.9,21,0,7977.0
17.8,68.2,22,0,7110.0
34.4,77.4,23,0,7872.0
30.3,74.5,0,0,6521.0
40.5,67.4,1,0,7795.0
18.0,43.1,2,0,5771.0
22.0,96.7,3,0,5989.0
26.9,38.9,4,0,5418.0
30.2,74.2,5,0,6420.0
23.3,66.5,6,0,6477.0
18.0,42.4,7,0,6672.0
32.1,58.1,8,0,8106.0
30.8,58.8,9,0,8744.0
17.7,79.6,10,0,8468.0
35.8,49.3,11,0,10425.0
34.4,56.1,12,0,10732.0
26.1,25.0,13,0,10185.0
25.6,86.0,14,0,10472.0
29.4,43.9,15,0,10648.0
18.1,64.9,16,0,10421.0
25.2,58.5,17,0,9896.0
7.8,58.5,18,0,9730.0
32.0,72.1,19,0,9706.0
12.5,85.1,20,0,8375.0
37.0,63.8,21,0,9252.0
22.4,69.8,22,0,7433.0
23.3,64.9,23,0,6887.0
20.0,75.3,0,0,6049.0
22.7,53.1,1,0,5734.0
36.3,76.1,2,0,7079.0
5.1,76.7,3,0,5702.0
35.2,76.2,4,0,6942.0
27.7,50.1,5,0,6195.0
15.3,57.5,6,0,6411.0
16.4,63.6,7,0,6717.0
38.4,39.4,8,0,8963.0
17.4,83.9,9,0,8332.0
15.8,59.8,10,0,9174.0
34.1,64.3,11,0,10207.0
27.7,51.3,12,0,9804.0
17.5,40.1,13,0,10224.0
26.7,50.9,14,0,10323.0
16.8,63.3,15,0,10633.0
33.8,70.1,16,0,11391.0
33.5,62.4,17,1,9473.0
29.3,65.2,18,0,9822.0
27.9,54.9,19,0,8896.0
39.1,67.4,20,0,10431.0
25.0,82.2,21,0,8043.0
15.5,70.6,22,0,7231.0
28.6,72.1,23,0,6663.0
41.7,64.4,0,0,8488.0
16.9,37.5,1,0,5601.0
22.1,44.3,2,0,5742.0
28.3,66.8,3,0,5818.0
24.6,59.8,4,0,5792.0
17.1,66.6,5,0,5843.0
34.0,85.1,6,0,6949.0
43.6,70.9,7,0,9251.0
26.6,78.9,8,0,7619.0
17.8,61.4,9,0,7885.0
12.6,47.9,10,0,8723.0
27.1,59.1,11,0,9516.0
33.8,47.9,12,0,10639.0
28.8,83.4,13,0,10119.0
25.0,71.9,14,0,10526.0
20.3,67.8,15,0,10252.0
16.3,78.5,16,0,10059.0
31.7,29.7,17,0,10793.0
32.3,68.8,18,0,10262.0
12.6,40.3,19,0,9137.0
37.7,59.9,20,0,9954.0
29.6,55.3,21,0,8144.0
36.2,69.9,22,0,8889.0
14.3,63.4,23,0,7132.0
14.1,80.2,0,0,6662.0
23.8,51.0,1,0,6140.0
29.0,70.6,2,0,5928.0
39.4,62.4,3,0,7019.0
30.6,35.5,4,0,6042.0
23.1,46.2,5,0,6353.0
16.8,57.8,6,0,6216.0
34.8,76.7,7,0,8129.0
17.3,67.0,8,0,7390.0
38.0,42.5,9,0,8969.0
22.7,57.9,10,0,8749.0
37.7,90.3,11,0,10912.0
30.4,61.7,12,0,10052.0
23.9,55.1,13,0,10325.0
20.8,67.4,14,0,9985.0
22.3,71.5,15,0,10123.0
28.4,53.2,16,0,10423.0
25.6,67.5,17,0,10174.0
20.2,55.1,18,0,9968.0
23.7,70.8,19,0,9328.0
25.6,62.5,20,0,8382.0
8.0,67.2,21,0,8043.0
28.7,48.6,22,0,7599.0
17.2,47.7,23,0,6425.0
15.8,74.2,0,0,6294.0
11.5,58.8,1,1,4354.0
10.6,64.3,2,0,5551.0
14.2,55.4,3,0,5700.0
19.3,73.5,4,0,5452.0
40.6,50.9,5,0,7899.0
20.8,58.0,6,0,6415.0
26.4,71.8,7,0,7017.0
28.2,77.6,8,0,7185.0
26.0,52.1,9,0,7699.0
24.4,89.4,10,0,8677.0
15.4,64.7,11,0,9143.0
36.6,44.4,12,0,11569.0
39.5,65.5,13,0,11889.0
11.5,54.3,14,0,10330.0
16.8,66.5,15,0,10365.0
22.8,59.4,16,0,10075.0
17.3,61.1,17,0,10191.0
29.0,46.3,18,0,9838.0
19.2,74.9,19,0,9184.0
42.3,42.7,20,0,10788.0
34.5,43.4,21,0,9023.0
26.7,65.5,22,1,5531.0
33.2,84.0,23,0,7750.0
33.8,54.7,0,0,7011.0
20.5,70.5,1,0,5894.0
18.5,76.1,2,0,5939.0
25.6,72.2,3,0,5956.0
31.9,55.3,4,0,5926.0
26.1,43.6,5,0,5928.0
12.4,26.9,6,1,4858.0
18.6,56.1,7,0,6498.0
24.4,77.7,8,0,7539.0
24.4,43.1,9,0,8023.0
40.8,70.5,10,0,10577.0
13.9,45.7,11,0,9016.0
29.0,61.6,12,0,9936.0
36.9,70.6,13,0,11583.0
43.2,50.1,14,0,12619.0
21.8,62.6,15,0,10297.0
28.9,53.8,16,0,10371.0
29.6,70.6,17,0,10356.0
26.6,63.5,18,0,9707.0
24.2,60.8,19,0,9381.0
28.5,83.4,20,0,8598.0
4.7,69.9,21,1,6256.0
30.5,49.6,22,0,7819.0
26.0,58.7,23,0,6704.0
23.2,58.9,0,0,6460.0
41.4,61.2,1,0,7929.0
19.6,97.9,2,0,5813.0
21.8,65.6,3,0,5397.0
40.9,29.5,4,0,7650.0
18.3,51.9,5,0,5782.0
20.6,31.0,6,0,6059.0
23.8,55.1,7,0,6628.0
31.7,30.2,8,0,7829.0
26.7,46.9,9,0,8249.0
14.7,37.2,10,1,7007.0
20.7,65.8,11,0,8946.0
20.1,60.0,12,0,9723.0
24.4,64.5,13,0,10084.0
28.4,58.4,14,0,10281.0
28.3,39.1,15,0,10420.0
10.8,67.7,16,0,10513.0
33.5,88.8,17,0,11039.0
27.0,66.1,18,0,9814.0
36.1,53.6,19,0,10175.0
28.6,38.6,20,0,9282.0
33.8,46.4,21,0,9082.0
28.7,66.8,22,0,7592.0
35.8,76.1,23,0,7733.0
29.2,63.9,0,0,6669.0
24.2,72.0,1,0,5821.0
43.2,70.6,2,0,7920.0
32.1,67.6,3,0,5881.0
29.6,50.1,4,0,5672.0
14.8,62.6,5,0,6009.0
14.7,47.3,6,0,6504.0
27.3,60.3,7,0,6937.0
26.2,65.0,8,0,7509.0
20.1,85.2,9,0,7987.0
26.1,40.4,10,0,8540.0
37.7,67.2,11,0,10714.0
30.6,82.2,12,0,10246.0
15.9,71.4,13,0,10079.0
24.1,72.5,14,0,10560.0
18.6,68.8,15,0,10357.0
21.9,79.5,16,0,10122.0
21.7,43.7,17,1,8576.0
21.2,39.2,18,0,9718.0
15.0,59.9,19,0,9184.0
24.0,27.6,20,0,8877.0
20.5,78.5,21,0,8161.0
1.6,78.3,22,0,7093.0
41.4,53.5,23,0,9120.0
33.7,54.4,0,0,6611.0
22.0,58.9,1,0,6352.0
25.2,60.8,2,0,5624.0
15.6,61.9,3,0,5562.0
38.6,68.4,4,0,7255.0
40.2,57.4,5,0,7825.0
26.3,74.1,6,0,6303.0
33.2,66.7,7,0,7552.0
26.4,50.9,8,0,7641.0
14.3,80.0,9,0,8113.0
21.7,39.6,10,0,8429.0
26.1,58.6,11,0,9348.0
21.4,74.5,12,0,9802.0
23.3,49.2,13,0,9969.0
24.3,64.6,14,0,10477.0
24.4,68.2,15,0,10368.0
25.4,47.1,16,0,10274.0
16.5,58.9,17,0,10029.0
19.3,57.7,18,1,7711.0
14.7,51.7,19,0,9095.0
32.8,94.5,20,0,9487.0
8.2,48.6,21,0,7996.0
34.2,75.1,22,0,8056.0
36.1,54.1,23,0,8207.0
22.6,43.7,0,0,6243.0
4.2,61.5,1,0,5677.0
22.1,69.7,2,0,6123.0
24.5,73.8,3,0,5389.0
16.9,83.4,4,0,5858.0
20.9,100.0,5,0,5768.0
37.2,63.8,6,0,7716.0
30.3,50.1,7,0,6967.0
17.6,66.8,8,0,7131.0
12.2,56.0,9,0,8104.0
22.4,73.9,10,0,8702.0
23.3,40.5,11,0,9429.0
29.0,95.5,12,0,9836.0
20.7,72.8,13,0,10523.0
29.1,34.7,14,0,10536.0
40.5,49.4,15,0,12386.0
31.5,72.2,16,0,10575.0
24.6,77.6,17,0,9956.0
23.5,40.9,18,0,9801.0
22.1,70.7,19,0,9183.0
34.4,30.8,20,0,9625.0
20.0,58.7,21,0,7837.0
25.4,76.7,22,0,7403.0
25.4,51.7,23,0,6824.0
21.0,37.4,0,0,6067.0
14.0,62.2,1,0,6050.0
27.6,50.9,2,0,5342.0
24.5,69.4,3,0,5637.0
29.0,46.7,4,0,6185.0
20.7,48.4,5,0,6058.0
34.8,29.7,6,0,7453.0
18.0,62.5,7,0,6621.0
38.7,57.6,8,0,9337.0
11.0,42.2,9,0,8275.0
28.5,62.9,10,0,8524.0
28.8,75.4,11,0,9226.0
18.6,56.8,12,0,9948.0
28.4,64.0,13,0,10497.0
35.2,64.1,14,0,11151.0
7.3,41.9,15,0,10199.0
29.0,90.8,16,0,10443.0
5.1,52.9,17,0,9644.0
17.3,69.8,18,0,9701.0
38.0,71.5,19,0,10942.0
20.3,57.9,20,0,8333.0
15.6,69.1,21,0,8025.0
23.4,63.7,22,0,7262.0
41.5,38.7,23,0,9159.0
10.3,55.0,0,0,6189.0
16.6,50.8,1,0,6225.0
37.0,53.1,2,0,6909.0
39.9,40.4,3,0,7533.0
24.2,76.9,4,1,4232.0
15.1,84.0,5,0,5894.0
41.8,74.7,6,0,8210.0
37.8,79.1,7,0,8328.0
30.4,54.8,8,0,7655.0
18.5,50.5,9,0,7862.0
24.6,48.3,10,0,8916.0
23.7,69.7,11,0,9310.0
27.6,63.4,12,0,9826.0
36.6,58.8,13,0,11291.0
32.0,79.4,14,0,10886.0
16.4,66.1,15,0,10350.0
36.0,47.4,16,0,11587.0
27.5,49.8,17,0,10207.0
30.5,70.2,18,0,10065.0
36.7,75.6,19,0,10351.0
16.1,68.3,20,0,8773.0
24.7,88.5,21,0,8007.0
20.7,84.5,22,0,7091.0
12.5,66.6,23,0,6373.0
27.8,47.4,0,0,6363.0
45.1,40.4,1,0,8320.0
10.3,54.2,2,0,5768.0
24.7,71.3,3,0,5445.0
30.1,87.4,4,0,6027.0
26.0,66.3,5,0,5846.0
24.1,77.5,6,0,6653.0
14.6,56.3,7,0,6990.0
26.9,69.3,8,0,7648.0
18.9,72.4,9,0,8005.0
7.5,30.3,10,0,8786.0
34.6,53.8,11,0,10202.0
32.7,74.2,12,0,10691.0
25.4,64.1,13,0,10064.0
26.8,42.1,14,0,10039.0
33.6,23.5,15,0,10839.0
26.8,54.5,16,0,10652.0
32.2,58.9,17,0,10809.0
22.6,46.7,18,0,9806.0
35.5,62.1,19,0,10622.0
27.6,67.6,20,0,8291.0
26.6,70.1,21,0,7928.0
14.8,24.7,22,1,5832.0
27.3,40.3,23,0,6948.0
18.3,55.4,0,0,6164.0
19.9,68.6,1,0,5681.0
18.5,67.3,2,0,5440.0
16.5,67.1,3,0,5830.0
42.0,54.2,4,0,7633.0
35.7,55.1,5,0,6959.0
40.4,49.1,6,0,8284.0
15.2,71.5,7,0,6660.0
25.6,46.2,8,0,7038.0
14.7,72.8,9,0,7684.0
19.4,63.1,10,0,8610.0
17.7,59.3,11,0,9299.0
34.9,50.1,12,0,10694.0
21.8,39.7,13,0,10165.0
33.5,50.3,14,0,10828.0
29.8,55.0,15,0,10366.0
43.4,24.5,16,0,13083.0
13.2,57.0,17,0,10325.0
35.1,73.9,18,0,10912.0
34.2,68.5,19,0,9994.0
17.2,52.6,20,0,8574.0
33.1,60.7,21,0,8758.0
27.7,51.7,22,1,6142.0
23.2,62.2,23,0,6881.0
18.4,83.1,0,0,6408.0
19.2,74.5,1,0,5888.0
41.4,67.8,2,0,7850.0
25.0,52.6,3,0,5660.0
31.3,71.2,4,0,6179.0
18.7,34.7,5,0,5773.0
18.8,56.2,6,0,6280.0
33.7,68.8,7,0,7432.0
14.2,71.1,8,0,7371.0
21.7,70.0,9,0,8018.0
25.3,64.4,10,0,8140.0
25.9,57.1,11,0,9154.0
23.6,68.1,12,0,9462.0
28.2,45.7,13,0,10203.0
30.5,47.3,14,0,10827.0
30.9,60.9,15,0,10746.0
17.1,62.6,16,1,8928.0
22.7,32.6,17,0,10197.0
34.6,66.8,18,0,10635.0
32.2,71.6,19,0,10130.0
14.0,58.8,20,0,8476.0
27.8,95.6,21,0,8294.0
9.2,49.8,22,0,7334.0
25.4,54.6,23,0,6631.0
40.2,54.1,0,0,8060.0
17.4,58.9,1,0,5702.0
18.3,55.1,2,0,5839.0
31.1,38.9,3,0,5746.0
12.7,51.8,4,0,5960.0
19.9,58.5,5,0,5734.0
29.8,78.4,6,0,6736.0
19.9,93.0,7,0,6805.0
23.1,80.0,8,0,7433.0
31.0,48.4,9,0,8325.0
28.4,49.6,10,0,8748.0
27.1,57.6,11,0,9227.0
22.3,86.8,12,0,9405.0
28.0,57.5,13,0,9886.0
24.0,40.1,14,0,10210.0
28.7,52.5,15,0,10348.0
21.0,71.4,16,1,9069.0
23.5,70.3,17,0,10080.0
17.1,57.0,18,0,9541.0
24.7,70.3,19,0,9102.0
18.5,25.9,20,1,7020.0
16.1,61.6,21,0,7942.0
27.1,72.9,22,0,7164.0
26.7,47.5,23,0,6637.0
31.3,47.5,0,0,6946.0
21.6,32.0,1,0,5959.0
28.3,83.8,2,0,5691.0
29.4,49.2,3,0,5811.0
28.6,63.6,4,0,5756.0
18.4,69.1,5,0,5880.0
26.2,82.7,6,0,6406.0
27.9,57.7,7,1,5389.0
25.1,51.9,8,0,7064.0
8.3,62.6,9,0,7974.0
26.3,79.3,10,0,8320.0
42.7,57.4,11,0,11532.0
22.1,45.7,12,0,9851.0
19.2,36.9,13,0,9956.0
28.0,41.7,14,0,10295.0
27.5,73.0,15,0,9978.0
34.5,55.2,16,0,11494.0
14.9,50.9,17,0,10220.0
30.9,49.3,18,0,10355.0
29.7,61.3,19,0,9756.0
23.9,56.4,20,1,6876.0
27.7,55.9,21,0,8178.0
33.2,80.2,22,0,8460.0
32.0,83.1,23,0,7098.0
15.9,35.8,0,0,6269.0
31.6,64.9,1,0,6383.0
24.5,48.3,2,0,5853.0
25.6,56.3,3,0,5121.0
25.6,64.6,4,0,6045.0
23.8,56.8,5,0,5899.0
34.5,63.5,6,0,7466.0
24.3,70.1,7,0,6788.0
16.0,64.4,8,0,7477.0
21.9,50.3,9,0,7536.0
26.4,50.6,10,0,8544.0
34.8,38.4,11,0,10395.0
29.8,47.2,12,0,10029.0
18.2,89.4,13,0,9751.0
44.9,48.1,14,0,12863.0
27.1,42.1,15,0,10236.0
35.2,64.8,16,0,11218.0
23.8,58.3,17,0,9774.0
29.3,57.1,18,0,10011.0
31.7,81.1,19,0,9980.0
34.7,68.2,20,0,10057.0
33.5,52.1,21,0,8524.0
32.0,53.6,22,0,8129.0
22.5,52.5,23,0,6967.0
20.4,73.1,0,0,6187.0
27.7,55.4,1,0,5738.0
32.5,33.1,2,0,6134.0
23.2,59.3,3,0,5495.0
33.5,36.9,4,0,6551.0
36.6,92.8,5,1,5987.0
17.7,45.5,6,0,6524.0
18.3,57.6,7,0,6477.0
23.9,63.9,8,0,7221.0
27.5,55.7,9,0,8260.0
20.8,55.6,10,0,8475.0
35.8,66.3,11,0,10361.0
28.4,82.9,12,0,9415.0
25.3,71.5,13,1,8809.0
13.5,82.2,14,0,9936.0
14.5,44.3,15,0,10071.0
27.2,64.8,16,0,10528.0
7.9,62.3,17,0,10462.0
33.1,65.3,18,1,8904.0
23.7,80.6,19,0,9191.0
50.9,56.7,20,0,12245.0
43.5,53.9,21,0,10377.0
23.5,68.0,22,0,7304.0
24.1,33.3,23,0,6703.0
33.0,56.4,0,0,6734.0
38.6,58.0,1,0,7562.0
11.9,46.2,2,0,5663.0
10.7,75.9,3,0,5512.0
20.0,44.1,4,0,5481.0
29.7,58.0,5,0,5991.0
29.0,64.4,6,0,6573.0
33.6,80.3,7,0,7810.0
15.4,59.8,8,0,7313.0
6.5,74.0,9,0,7914.0
31.9,70.5,10,0,9030.0
18.4,61.9,11,0,9387.0
8.9,43.7,12,0,9703.0
26.2,38.5,13,0,10152.0
31.3,61.6,14,0,10892.0
24.0,51.9,15,0,10338.0
21.3,73.8,16,0,10085.0
23.7,71.2,17,0,9879.0
22.0,57.2,18,0,9923.0
14.2,42.6,19,0,9055.0
19.3,67.7,20,0,8539.0
29.2,44.7,21,0,7949.0
27.6,48.6,22,0,7136.0
26.3,45.3,23,0,6646.0
17.0,57.9,0,0,6641.0
23.5,77.6,1,0,6053.0
7.6,59.9,2,0,5576.0
26.4,53.4,3,0,5817.0
36.4,37.1,4,0,6916.0
13.2,68.3,5,0,6192.0
20.3,48.3,6,0,6745.0
27.6,61.8,7,0,7006.0
35.0,54.7,8,0,8451.0
21.4,72.6,9,0,8140.0
19.5,57.6,10,0,8624.0
9.2,59.1,11,0,8833.0
25.8,67.3,12,0,9566.0
41.3,91.6,13,0,11889.0
27.2,73.3,14,0,10183.0
24.8,58.7,15,0,10759.0
27.6,60.0,16,0,10543.0
24.9,52.1,17,0,10167.0
18.5,45.8,18,0,9860.0
31.6,51.7,19,0,9360.0
26.8,48.4,20,0,8767.0
25.1,69.8,21,0,8188.0
17.2,43.9,22,0,6931.0
35.4,80.0,23,0,8067.0
30.3,71.3,0,0,6366.0
20.6,60.3,1,0,5528.0
33.0,60.0,2,0,6699.0
21.0,51.6,3,0,5399.0
18.7,64.1,4,0,5539.0
18.9,76.3,5,0,6119.0
10.8,49.5,6,0,6242.0
28.8,37.0,7,0,6880.0
10.4,70.5,8,0,7338.0
15.2,64.9,9,0,8070.0
8.4,43.2,10,0,8576.0
24.3,49.0,11,0,9223.0
23.8,47.1,12,0,9596.0
22.4,49.1,13,0,10149.0
16.7,55.1,14,0,10381.0
15.6,56.0,15,0,10780.0
28.7,50.2,16,1,8849.0
20.6,48.6,17,0,10042.0
27.5,56.6,18,0,9745.0
17.9,62.5,19,0,9393.0
26.4,55.3,20,0,8403.0
35.4,77.4,21,0,9135.0
29.7,67.6,22,0,7131.0
21.7,36.1,23,0,6746.0
27.1,67.9,0,0,6517.0
23.1,69.1,1,0,5776.0
25.1,53.5,2,0,5717.0
22.4,37.6,3,0,5494.0
23.7,60.1,4,0,5510.0
26.7,59.9,5,1,4616.0
17.1,43.2,6,0,6094.0
16.9,38.2,7,0,6859.0
13.9,58.7,8,1,5941.0
12.2,56.5,9,0,7830.0
15.3,53.7,10,0,8652.0
26.3,58.7,11,0,9013.0
17.9,43.5,12,0,9801.0
29.1,53.5,13,0,9982.0
25.3,68.0,14,0,10250.0
9.3,54.8,15,0,10349.0
30.2,34.9,16,0,10877.0
31.5,52.9,17,0,10629.0
17.0,43.9,18,0,9888.0
28.4,64.0,19,0,9365.0
18.1,64.8,20,0,8731.0
25.8,35.1,21,0,7934.0
14.9,71.4,22,0,7583.0
10.7,43.3,23,0,6729.0
21.9,83.4,0,0,5957.0
24.0,59.3,1,0,5879.0
21.8,41.3,2,0,5772.0
15.5,42.9,3,0,5279.0
21.8,65.2,4,0,5505.0
27.2,54.1,5,0,5675.0
24.6,58.6,6,0,6460.0
26.5,84.2,7,0,7135.0
19.6,49.5,8,0,7337.0
34.4,60.9,9,0,9062.0
15.6,81.3,10,0,8722.0
28.9,64.1,11,0,9646.0
34.5,35.9,12,0,10535.0
28.8,67.6,13,0,10162.0
23.4,42.6,14,0,10250.0
20.8,81.1,15,0,10415.0
33.3,47.7,16,0,11612.0
13.6,100.0,17,0,10085.0
17.2,82.0,18,0,9526.0
21.8,48.1,19,0,8969.0
34.9,60.3,20,0,9907.0
28.0,71.3,21,0,7834.0
17.3,71.8,22,0,7512.0
22.5,66.6,23,0,6664.0
20.1,78.8,0,0,6050.0
19.3,58.2,1,0,6043.0
32.8,54.5,2,0,6280.0
14.0,54.8,3,0,5685.0
37.9,72.9,4,0,7262.0
31.6,65.5,5,0,6575.0
33.7,64.4,6,0,7108.0
21.3,71.9,7,0,6937.0
23.8,29.2,8,0,7194.0
13.5,64.7,9,0,7509.0
20.8,63.3,10,0,8763.0
28.9,85.0,11,0,9376.0
35.4,37.1,12,0,10680.0
16.1,83.4,13,0,9784.0
22.1,61.1,14,0,9911.0
23.8,67.3,15,0,10410.0
13.8,85.1,16,0,10648.0
29.7,68.4,17,0,10310.0
19.2,66.0,18,0,9625.0
23.4,63.6,19,0,9195.0
21.4,52.7,20,0,9057.0
18.7,59.6,21,0,8150.0
24.9,49.3,22,0,7192.0
23.3,59.3,23,0,6806.0
22.0,25.0,0,0,6369.0
19.2,66.4,1,0,5710.0
27.6,58.2,2,0,5834.0
38.2,55.0,3,0,6971.0
26.1,63.3,4,0,5380.0
33.0,38.5,5,0,6682.0
13.9,88.9,6,0,6287.0
26.3,58.5,7,0,6800.0
16.2,57.8,8,0,7226.0
13.2,45.5,9,0,7875.0
19.1,60.4,10,0,8847.0
34.5,80.8,11,0,10268.0
32.6,75.5,12,1,8696.0
26.9,72.8,13,0,9688.0
12.7,68.2,14,0,10135.0
23.4,54.6,15,0,10431.0
27.4,38.2,16,0,10192.0
26.4,57.0,17,0,9937.0
10.2,56.5,18,0,9579.0
17.9,75.7,19,0,9185.0
24.5,64.6,20,1,7278.0
29.3,84.2,21,0,8193.0
7.4,78.0,22,0,7391.0
23.7,53.2,23,0,6755.0
26.1,33.1,0,0,6203.0
31.8,80.8,1,0,6670.0
30.5,80.4,2,0,6212.0
29.7,39.5,3,0,6258.0
18.6,82.6,4,0,5804.0
9.7,65.7,5,0,5822.0
21.9,62.4,6,0,6122.0
33.0,84.2,7,0,7743.0
36.1,80.2,8,0,8438.0
30.7,69.8,9,0,8565.0
28.4,67.1,10,0,8534.0
28.0,69.2,11,0,9275.0
20.6,54.0,12,0,9485.0
24.0,59.2,13,0,10234.0
38.4,46.5,14,0,11624.0
17.5,55.0,15,0,10455.0
37.9,54.5,16,0,11766.0
22.4,50.5,17,0,10099.0
35.6,62.1,18,0,10758.0
13.7,55.1,19,0,9116.0
29.7,67.5,20,0,8905.0
19.1,35.7,21,0,7800.0
13.7,58.3,22,0,7177.0
26.7,62.0,23,0,6728.0
33.1,55.3,0,0,6985.0
18.2,57.4,1,0,5720.0
13.0,36.2,2,0,5867.0
24.3,65.3,3,0,5533.0
24.3,69.7,4,0,5636.0
29.4,67.4,5,0,5864.0
32.6,75.6,6,0,7407.0
24.5,63.0,7,0,7285.0
39.8,67.2,8,0,8999.0
26.8,62.3,9,0,8245.0
22.2,70.3,10,0,8603.0
12.1,36.3,11,0,9521.0
22.9,46.6,12,0,9764.0
22.3,83.8,13,0,10098.0
32.7,23.1,14,0,10521.0
28.7,57.9,15,0,10329.0
15.6,77.6,16,0,10322.0
26.4,58.6,17,0,10118.0
30.4,53.9,18,0,9810.0
37.2,61.9,19,0,10438.0
32.1,54.7,20,0,9347.0
31.1,60.5,21,0,8186.0
25.5,49.7,22,0,7406.0
28.1,76.6,23,0,7064.0
35.0,81.3,0,0,7429.0
14.3,58.0,1,0,5989.0
22.2,39.2,2,0,5278.0
18.8,52.1,3,0,5436.0
28.0,57.2,4,0,6098.0
34.8,67.6,5,0,6828.0
20.2,44.9,6,0,6556.0
5.9,48.5,7,0,6678.0
21.7,67.7,8,0,7323.0
32.3,74.1,9,0,8749.0
29.3,50.7,10,0,8836.0
28.4,40.0,11,0,9340.0
22.8,100.0,12,0,9533.0
14.8,71.7,13,0,9851.0
29.1,56.0,14,0,10309.0
18.3,73.0,15,0,10294.0
42.5,58.1,16,0,12443.0
29.6,73.0,17,0,10521.0
20.4,62.4,18,0,9715.0
20.1,61.4,19,0,9297.0
24.3,58.3,20,0,8649.0
23.1,38.3,21,0,7777.0
33.9,89.1,22,0,8272.0
26.5,45.9,23,1,5326.0
19.1,39.6,0,0,6455.0
40.1,56.8,1,0,7526.0
25.4,45.6,2,0,5274.0
31.2,59.2,3,0,6108.0
20.1,70.3,4,0,5753.0
27.9,74.9,5,0,5886.0
27.5,72.2,6,0,6309.0
9.9,55.4,7,0,6976.0
41.1,60.7,8,0,9255.0
35.3,66.1,9,0,9043.0
21.8,33.6,10,0,8637.0
16.2,68.6,11,0,8956.0
27.8,38.1,12,0,9667.0
25.7,90.6,13,0,10066.0
27.8,53.9,14,0,10646.0
26.5,57.2,15,0,10340.0
29.0,48.5,16,0,10516.0
36.6,50.6,17,0,11549.0
29.5,94.1,18,1,8261.0
16.6,74.1,19,0,9475.0
35.9,36.8,20,0,10159.0
38.1,82.6,21,0,9513.0
50.2,77.9,22,1,9103.0
16.0,55.8,23,0,7125.0
26.9,64.6,0,0,6462.0
8.3,59.8,1,0,5938.0
29.4,89.6,2,0,6181.0
20.6,48.1,3,0,5864.0
40.4,62.2,4,0,7473.0
18.8,53.6,5,0,5971.0
11.5,38.5,6,0,6418.0
21.2,92.9,7,0,6806.0
9.2,42.3,8,0,7101.0
31.0,63.3,9,0,8264.0
8.5,33.9,10,0,8350.0
25.2,54.0,11,0,9299.0
8.4,66.3,12,0,9460.0
22.4,47.6,13,0,10117.0
38.1,68.8,14,0,12207.0
27.9,56.0,15,0,10686.0
18.1,77.4,16,0,9951.0
24.8,80.4,17,0,9823.0
25.1,51.2,18,0,9542.0
28.8,61.2,19,0,9083.0
14.1,62.8,20,0,8290.0
29.7,69.3,21,0,8259.0
3.4,60.2,22,0,7520.0
20.0,62.9,23,0,6991.0
21.1,56.3,0,0,6208.0
30.1,61.7,1,0,6177.0
25.2,79.5,2,0,5753.0
13.8,69.7,3,0,5578.0
17.1,70.5,4,0,5844.0
26.6,70.8,5,0,6008.0
24.4,57.7,6,0,6228.0
20.4,64.8,7,0,6429.0
21.2,43.7,8,0,7679.0
30.6,79.0,9,0,8248.0
20.9,20.0,10,0,8693.0
24.3,58.7,11,0,8817.0
42.4,77.1,12,0,11849.0
13.6,39.5,13,0,10099.0
10.2,66.0,14,0,10348.0
31.3,49.8,15,0,11493.0
19.6,54.5,16,0,10192.0
22.5,74.2,17,0,10243.0
18.8,63.0,18,0,9802.0
22.9,29.5,19,0,9064.0
37.8,45.4,20,0,10251.0
31.4,74.6,21,0,8480.0
31.9,66.7,22,0,8139.0
13.7,86.2,23,0,7192.0
15.8,85.2,0,0,6333.0
2.3,54.9,1,1,4365.0
18.5,97.5,2,0,5892.0
32.7,60.4,3,0,6577.0
29.1,45.6,4,0,5675.0
23.2,50.5,5,0,5831.0
24.8,26.1,6,1,4938.0
19.5,84.1,7,0,6774.0
26.6,83.9,8,0,7188.0
31.1,44.8,9,1,7077.0
12.1,56.6,10,0,8755.0
27.4,61.4,11,0,9133.0
32.5,45.6,12,0,10378.0
21.7,33.7,13,0,9963.0
30.6,56.8,14,0,10490.0
47.5,55.2,15,0,13228.0
24.2,54.2,16,0,10333.0
28.1,63.3,17,0,9805.0
19.1,81.4,18,0,9612.0
26.5,55.5,19,0,9218.0
28.7,62.6,20,0,8962.0
26.6,70.9,21,0,7937.0
16.8,68.3,22,0,7130.0
26.7,50.8,23,0,6758.0
36.7,61.4,0,0,7494.0
28.6,68.2,1,0,6120.0
32.7,43.1,2,0,6319.0
23.1,79.0,3,0,5058.0
31.0,81.5,4,0,6870.0
27.2,49.2,5,0,5950.0
17.4,62.9,6,0,6321.0
27.5,69.6,7,0,6492.0
17.1,51.8,8,0,7086.0
19.9,67.2,9,0,7982.0
26.5,62.4,10,0,8688.0
27.4,38.0,11,0,9340.0
15.5,66.9,12,0,9745.0
33.4,43.5,13,0,10656.0
29.6,74.1,14,0,10054.0
19.4,49.9,15,0,10380.0
12.7,57.6,16,0,10211.0
23.8,80.6,17,0,9826.0
21.4,67.4,18,0,9863.0
25.9,43.8,19,0,8885.0
22.1,44.8,20,0,8745.0
8.9,51.0,21,0,7718.0
21.9,65.9,22,0,7406.0
22.6,65.4,23,0,6987.0
30.1,47.4,0,0,6546.0
19.4,42.5,1,0,6260.0
38.4,64.2,2,0,7630.0
9.7,57.3,3,0,5647.0
35.5,92.4,4,0,6913.0
23.2,60.5,5,0,6134.0
31.9,87.2,6,0,6993.0
25.6,42.4,7,0,6887.0
34.1,36.4,8,0,8191.0
21.9,43.2,9,0,7663.0
16.2,77.8,10,0,8343.0
36.4,86.3,11,0,10931.0
24.1,48.3,12,0,9762.0
26.8,53.1,13,0,10029.0
34.9,42.5,14,0,11603.0
16.7,32.8,15,0,10250.0
29.8,70.8,16,0,10699.0
20.3,63.3,17,0,10094.0
23.9,60.2,18,0,9789.0
25.6,39.0,19,0,9133.0
13.0,84.6,20,0,8428.0
18.8,52.4,21,0,7835.0
35.8,68.0,22,0,8393.0
32.1,38.2,23,0,7413.0
24.5,57.1,0,1,4492.0
26.9,64.4,1,0,5672.0
22.6,64.9,2,0,5709.0
35.9,62.3,3,0,6752.0
23.4,67.4,4,0,5720.0
26.9,43.0,5,0,5913.0
34.2,63.0,6,0,7732.0
18.8,61.7,7,0,6825.0
37.5,63.5,8,0,8724.0
12.8,61.1,9,0,8020.0
38.0,40.9,10,1,8831.0
22.0,40.2,11,0,9190.0
23.1,26.8,12,1,8334.0
9.9,72.3,13,0,10158.0
21.4,72.4,14,0,10260.0
16.7,72.7,15,0,10422.0
20.1,64.6,16,0,10638.0
23.9,28.0,17,0,10127.0
32.7,44.6,18,0,10199.0
26.7,62.6,19,0,9136.0
27.5,62.0,20,0,8198.0
16.2,56.7,21,0,8027.0
18.0,65.5,22,0,7641.0
39.4,60.2,23,0,8240.0
19.1,61.8,0,0,6333.0
38.2,50.4,1,0,7656.0
23.1,74.7,2,0,5900.0
25.0,53.5,3,0,5856.0
33.6,40.0,4,0,6143.0
35.2,48.4,5,0,7099.0
24.1,54.8,6,0,6002.0
21.9,74.9,7,0,6600.0
24.6,59.4,8,0,7543.0
27.7,57.2,9,0,8032.0
32.1,41.3,10,1,7886.0
25.0,71.8,11,0,9014.0
30.0,50.2,12,0,10284.0
38.1,58.5,13,0,11732.0
28.1,82.2,14,0,10504.0
27.5,67.6,15,0,10184.0
12.8,35.6,16,0,10553.0
4.0,33.5,17,0,10015.0
28.1,59.0,18,0,9591.0
24.2,41.8,19,0,9325.0
20.9,69.7,20,0,8738.0
26.9,60.6,21,0,7831.0
24.5,62.5,22,0,7790.0
34.0,49.4,23,0,8066.0
25.7,86.1,0,0,6424.0
19.0,100.0,1,1,4508.0
32.9,55.8,2,0,6486.0
23.3,65.3,3,0,5290.0
29.2,61.5,4,0,5886.0
21.2,56.1,5,0,5941.0
19.8,47.5,6,0,6188.0
25.7,43.7,7,0,6738.0
25.1,43.0,8,0,6903.0
28.8,66.1,9,0,7906.0
22.9,52.2,10,0,8806.0
10.3,21.3,11,0,9546.0
21.5,66.7,12,0,9508.0
31.4,59.4,13,0,10618.0
22.6,80.2,14,0,10538.0
23.0,65.6,15,0,10296.0
32.9,37.8,16,0,11187.0
19.3,26.6,17,0,10072.0
12.7,49.2,18,0,9935.0
23.7,50.6,19,1,7444.0
21.1,74.1,20,0,8400.0
17.3,59.9,21,0,8056.0
23.6,77.0,22,0,7398.0
28.9,40.1,23,0,6929.0
24.9,74.5,0,0,6418.0
27.5,70.8,1,0,5735.0
39.5,29.7,2,0,7134.0
22.3,79.8,3,0,5500.0
27.2,61.4,4,0,5604.0
20.9,65.9,5,0,5865.0
18.2,47.0,6,0,6557.0
20.3,79.1,7,0,6954.0
21.2,42.2,8,0,7485.0
27.9,72.5,9,0,8044.0
43.8,72.3,10,0,10903.0
19.3,45.4,11,0,9029.0
21.7,89.8,12,1,7958.0
24.5,63.5,13,0,9940.0
28.2,69.8,14,0,10335.0
27.1,37.1,15,0,10169.0
35.3,91.8,16,0,11443.0
5.6,41.6,17,1,8540.0
5.9,75.4,18,0,9618.0
21.0,45.1,19,0,9432.0
33.8,50.7,20,0,8996.0
12.5,71.8,21,0,7923.0
0.9,75.4,22,0,6908.0
29.6,40.9,23,0,7083.0
26.9,76.4,0,0,6455.0
16.3,75.7,1,0,5651.0
17.1,45.9,2,0,5437.0
17.2,84.0,3,0,5260.0
25.9,38.1,4,0,5695.0
20.0,50.6,5,0,5853.0
29.0,67.2,6,1,4890.0
2.2,47.2,7,0,6726.0
18.1,64.0,8,0,7184.0
16.0,63.6,9,0,8226.0
22.9,57.2,10,0,8676.0
20.7,72.5,11,0,8963.0
31.4,56.6,12,0,10064.0
10.1,63.5,13,0,9904.0
25.4,77.2,14,0,10599.0
29.5,71.9,15,0,10762.0
39.9,71.8,16,0,12071.0
21.1,42.8,17,0,10420.0
27.6,67.9,18,0,9987.0
10.6,46.8,19,0,9154.0
5.9,40.8,20,0,8539.0
31.8,58.9,21,0,8491.0
25.0,46.4,22,0,7188.0
34.4,71.9,23,0,8111.0
14.0,72.2,0,0,6102.0
29.2,31.5,1,0,6269.0
40.0,47.6,2,0,7612.0
28.4,38.1,3,0,5593.0
27.2,53.1,4,0,6044.0
25.1,66.8,5,0,5610.0
12.4,56.4,6,0,6287.0
35.8,51.2,7,0,7879.0
20.1,79.5,8,0,7571.0
29.0,25.4,9,0,8226.0
12.5,78.6,10,0,8276.0
15.6,51.8,11,0,9448.0
36.5,58.8,12,0,11066.0
22.2,52.1,13,0,9871.0
36.6,83.1,14,0,11542.0
24.4,41.5,15,0,10140.0
10.3,60.2,16,0,10284.0
32.1,67.9,17,0,10729.0
20.3,35.8,18,0,9630.0
30.6,46.2,19,1,7998.0
25.2,57.8,20,0,8299.0
12.7,46.7,21,0,8067.0
26.3,47.8,22,0,6994.0
42.6,54.8,23,0,8992.0
28.9,69.7,0,0,6085.0
24.5,54.9,1,0,5932.0
33.6,76.2,2,0,6521.0
26.7,45.0,3,0,5681.0
26.7,41.2,4,0,5854.0
16.3,88.9,5,0,6131.0
26.9,50.1,6,0,5981.0
33.3,40.3,7,0,7581.0
18.3,33.9,8,0,7781.0
36.4,76.1,9,0,9283.0
24.3,54.9,10,0,8455.0
17.9,56.2,11,0,9184.0
33.0,57.6,12,0,10367.0
22.7,75.2,13,0,9843.0
31.1,57.3,14,0,10953.0
22.7,95.2,15,0,10517.0
24.5,62.0,16,0,10051.0
28.9,75.9,17,0,10202.0
27.3,72.1,18,0,9584.0
9.0,59.5,19,0,8880.0
16.0,51.2,20,0,8338.0
32.4,65.0,21,0,8412.0
23.9,67.7,22,0,7367.0
20.8,51.4,23,0,6708.0
14.1,62.5,0,0,6111.0
16.4,78.5,1,0,5843.0
8.8,91.0,2,0,5831.0
24.2,72.8,3,0,5671.0
20.2,87.9,4,0,5882.0
17.3,50.6,5,0,5876.0
24.5,70.5,6,0,6623.0
27.9,80.1,7,0,6870.0
41.7,46.6,8,0,9343.0
12.9,52.7,9,0,8019.0
34.3,86.1,10,0,9313.0
32.8,45.4,11,0,9856.0
18.8,39.9,12,0,9783.0
26.6,82.9,13,0,10201.0
21.3,78.0,14,0,10236.0
26.5,66.5,15,0,10947.0
37.1,59.3,16,0,11645.0
29.8,53.4,17,0,10020.0
29.1,64.2,18,0,10100.0
21.6,83.7,19,0,9321.0
13.1,63.6,20,0,8668.0
23.3,92.5,21,0,7907.0
34.7,46.5,22,0,8455.0
12.8,59.7,23,0,7124.0
16.6,54.4,0,0,6343.0
26.0,43.7,1,0,5628.0
17.1,57.7,2,0,4991.0
18.7,66.3,3,0,5677.0
21.6,67.9,4,1,3985.0
14.1,92.6,5,0,5902.0
17.2,67.0,6,0,6141.0
30.6,77.3,7,0,7018.0
14.5,61.0,8,0,7226.0
12.2,85.2,9,0,7865.0
20.0,96.0,10,0,8776.0
30.9,68.0,11,0,9743.0
23.4,45.1,12,0,9455.0
21.3,51.8,13,0,9864.0
25.4,64.2,14,0,10394.0
11.0,66.8,15,0,10611.0
29.0,70.5,16,0,10669.0
28.1,66.9,17,0,9888.0
21.7,60.1,18,0,9895.0
33.0,50.5,19,0,9602.0
16.0,66.0,20,0,8581.0
34.0,87.8,21,0,9001.0
26.2,75.3,22,0,6963.0
22.3,68.0,23,0,7219.0
24.8,75.4,0,0,6568.0
24.1,54.4,1,0,6051.0
34.8,52.4,2,0,6503.0
16.4,48.8,3,0,5586.0
18.9,58.1,4,0,5840.0
33.3,53.7,5,0,6491.0
20.2,78.1,6,0,6267.0
32.2,52.9,7,0,7613.0
38.6,48.0,8,1,7169.0
21.8,89.1,9,0,8066.0
30.5,53.2,10,0,8638.0
15.8,62.3,11,0,9011.0
31.0,66.8,12,0,10052.0
26.6,42.9,13,0,10181.0
28.8,78.5,14,0,10296.0
19.8,69.6,15,0,10425.0
11.7,83.4,16,0,10181.0
29.0,49.8,17,0,10126.0
8.5,61.5,18,0,9947.0
22.5,60.6,19,0,8970.0
32.5,64.0,20,0,9452.0
26.5,38.2,21,0,8000.0
40.6,61.7,22,0,9152.0
33.2,38.6,23,0,7337.0
19.8,65.4,0,0,6074.0
25.2,28.1,1,0,5774.0
24.6,32.2,2,0,5652.0
12.3,72.3,3,0,5721.0
17.5,51.8,4,0,5622.0
20.5,45.2,5,0,5875.0
8.7,79.1,6,0,6286.0
25.4,64.9,7,0,6895.0
23.0,73.1,8,0,7508.0
11.6,57.5,9,0,7723.0
28.2,100.0,10,0,8600.0
30.7,50.9,11,0,9855.0
26.8,86.2,12,0,9434.0
22.4,59.1,13,0,10093.0
29.7,35.2,14,0,10544.0
30.4,67.2,15,0,10653.0
27.5,64.7,16,0,10636.0
18.4,44.2,17,0,10086.0
27.2,46.2,18,0,9999.0
34.6,59.6,19,0,10186.0
20.2,65.2,20,0,8713.0
41.8,22.9,21,0,9952.0
20.8,75.8,22,0,7266.0
25.3,52.6,23,0,6882.0
19.6,40.0,0,1,4888.0
26.8,74.1,1,0,6041.0
11.1,59.6,2,0,5757.0
20.6,78.2,3,0,5333.0
16.3,66.6,4,0,5521.0
26.1,60.0,5,0,6092.0
33.0,57.7,6,0,6655.0
30.2,67.2,7,0,7184.0
6.0,53.8,8,0,7356.0
41.3,47.2,9,0,10170.0
27.4,69.1,10,0,8704.0
18.8,57.8,11,0,9067.0
26.3,60.5,12,0,9555.0
26.4,76.3,13,0,9974.0
19.7,58.3,14,0,10434.0
26.6,60.2,15,0,9940.0
20.1,51.0,16,0,10350.0
21.8,66.5,17,0,9902.0
19.5,65.2,18,1,8235.0
13.5,73.5,19,0,9269.0
26.2,51.3,20,0,8289.0
29.7,53.1,21,0,8207.0
29.1,71.9,22,0,7578.0
31.6,63.8,23,0,7352.0
27.6,46.4,0,0,6279.0
20.7,79.6,1,0,5677.0
31.7,34.5,2,0,6026.0
14.1,71.8,3,0,5324.0
17.8,41.0,4,0,5793.0
17.3,88.3,5,0,5898.0
33.6,36.8,6,0,7139.0
32.5,77.3,7,0,7140.0
28.9,58.8,8,1,6007.0
33.6,54.5,9,0,8963.0
18.0,62.8,10,0,8253.0
27.8,69.5,11,0,9093.0
24.0,46.4,12,0,9383.0
31.8,47.8,13,0,10561.0
24.1,69.7,14,0,10138.0
21.9,34.4,15,0,10476.0
29.3,51.2,16,0,10551.0
32.0,100.0,17,0,10938.0
19.7,45.5,18,0,9686.0
24.5,77.2,19,0,9268.0
16.5,51.2,20,1,7010.0
5.0,67.6,21,0,7779.0
26.6,69.8,22,0,7546.0
29.9,76.9,23,0,7329.0
27.1,57.0,0,0,6444.0
9.4,89.8,1,0,5948.0
22.2,51.2,2,0,5487.0
7.3,63.5,3,0,5828.0
36.0,63.7,4,0,6991.0
16.3,43.2,5,0,6327.0
35.0,55.7,6,0,7129.0
32.6,62.4,7,0,7658.0
17.8,53.5,8,0,7489.0
15.9,96.6,9,0,7932.0
27.8,47.4,10,0,8894.0
18.2,77.7,11,0,9280.0
25.8,72.8,12,0,9510.0
21.1,59.8,13,0,10055.0
10.8,47.0,14,0,10128.0
7.2,48.5,15,0,10306.0
26.8,52.2,16,0,10459.0
20.5,33.2,17,0,10276.0
20.6,44.9,18,0,9741.0
30.6,37.8,19,0,9435.0
34.4,80.2,20,0,9656.0
22.8,69.3,21,0,8145.0
22.3,71.8,22,0,6984.0
29.0,68.8,23,0,6973.0
14.1,62.5,0,0,6265.0
26.8,81.9,1,0,6112.0
29.4,50.8,2,0,5971.0
30.4,61.6,3,0,6063.0
9.5,71.2,4,0,5585.0
18.9,40.2,5,0,5922.0
18.0,100.0,6,0,6492.0
25.8,60.4,7,0,6787.0
28.8,62.1,8,0,7541.0
37.0,78.9,9,0,9039.0
21.0,73.7,10,0,8607.0
21.0,60.6,11,0,8798.0
34.2,62.0,12,0,10523.0
27.4,37.4,13,0,10091.0
35.1,51.7,14,0,11543.0
27.3,67.8,15,1,8700.0
15.7,66.7,16,0,10393.0
14.3,78.3,17,0,10372.0
12.6,58.2,18,0,9569.0
30.3,39.2,19,0,9235.0
34.5,75.9,20,0,9655.0
39.8,81.5,21,0,9531.0
31.7,73.5,22,1,6277.0
34.3,57.5,23,0,7930.0
20.4,75.7,0,0,6678.0
15.7,100.0,1,0,5721.0
31.8,61.7,2,0,6104.0
28.3,40.3,3,0,5563.0
25.9,51.2,4,0,5572.0
28.1,69.4,5,0,6323.0
27.6,35.9,6,0,6197.0
35.3,62.5,7,0,7813.0
35.4,65.7,8,0,8806.0
29.4,83.0,9,1,6818.0
31.8,79.7,10,0,9383.0
29.1,73.0,11,0,9186.0
21.3,27.6,12,0,9591.0
31.1,73.8,13,0,10328.0
13.8,70.6,14,0,10478.0
33.4,63.8,15,0,11460.0
15.4,34.0,16,0,10198.0
27.3,48.3,17,0,10006.0
18.2,42.5,18,0,9633.0
29.4,29.8,19,0,9105.0
24.7,60.0,20,0,8486.0
12.2,48.0,21,0,8155.0
28.4,99.4,22,0,7259.0
20.4,57.5,23,0,6819.0
32.0,79.4,0,0,6649.0
25.0,36.5,1,0,5893.0
28.2,52.0,2,0,5594.0
17.3,61.5,3,0,5356.0
20.3,46.4,4,0,5840.0
21.3,53.7,5,0,6091.0
31.9,56.7,6,0,6687.0
38.4,56.5,7,0,8320.0
18.6,87.8,8,0,7388.0
33.6,65.7,9,0,8479.0
7.6,67.2,10,0,8342.0
15.4,68.1,11,0,9457.0
17.3,69.2,12,0,9484.0
14.2,58.8,13,0,10330.0
12.3,55.2,14,0,10049.0
28.3,62.5,15,0,10577.0
23.3,77.4,16,0,10256.0
28.0,76.9,17,0,10050.0
30.5,56.4,18,0,10447.0
27.1,71.5,19,0,8949.0
30.3,57.1,20,0,9079.0
24.4,60.5,21,0,8111.0
15.5,52.9,22,0,8050.0
33.5,57.3,23,0,7404.0
20.3,80.1,0,0,6178.0
17.5,61.4,1,0,6085.0
23.6,62.0,2,0,5642.0
17.7,38.3,3,0,5507.0
21.7,55.4,4,0,5873.0
27.8,56.4,5,0,5868.0
27.8,47.6,6,0,6125.0
17.8,60.3,7,0,6945.0
21.1,53.6,8,0,7454.0
33.6,61.2,9,0,8777.0
29.0,61.8,10,0,8695.0
41.6,45.7,11,0,11057.0
34.4,54.0,12,1,9308.0
34.2,61.2,13,0,10930.0
13.9,77.8,14,0,10164.0
31.1,63.9,15,0,10610.0
24.6,50.1,16,1,8897.0
20.6,66.0,17,0,9977.0
26.3,85.6,18,0,9295.0
32.6,73.8,19,0,9644.0
29.0,68.2,20,0,8725.0
18.0,70.9,21,0,7959.0
30.9,81.6,22,0,7771.0
19.9,76.1,23,0,6723.0
26.7,68.5,0,0,6008.0
22.6,76.0,1,0,5747.0
23.2,43.8,2,0,5919.0
31.1,37.5,3,0,6277.0
16.7,62.4,4,0,5797.0
40.6,61.0,5,0,7904.0
10.4,51.8,6,0,6484.0
20.2,72.4,7,0,6576.0
28.0,32.1,8,0,7385.0
29.7,52.0,9,0,8027.0
24.2,52.7,10,0,8401.0
24.5,35.5,11,0,9274.0
28.3,82.4,12,0,9929.0
23.2,39.6,13,0,10040.0
36.1,51.2,14,0,11870.0
31.7,73.6,15,0,11000.0
32.0,69.7,16,0,10760.0
17.3,43.4,17,0,9861.0
24.4,70.2,18,1,8401.0
22.6,64.3,19,0,9226.0
17.0,95.0,20,0,8756.0
27.9,66.1,21,1,5968.0
20.7,57.9,22,0,7428.0
30.2,47.2,23,0,7034.0
16.4,48.8,0,0,6024.0
38.8,47.6,1,0,7522.0
17.8,80.6,2,0,5900.0
26.8,60.3,3,0,6053.0
31.3,68.5,4,0,6230.0
20.4,82.7,5,0,5780.0
31.8,24.6,6,0,6722.0
15.2,79.2,7,0,6993.0
36.6,60.8,8,0,8472.0
25.1,66.5,9,0,8124.0
20.2,47.6,10,0,8680.0
22.6,48.7,11,0,9237.0
31.5,67.3,12,0,9904.0
20.3,95.8,13,0,10007.0
19.0,75.0,14,0,10027.0
23.2,79.0,15,0,10282.0
15.6,57.1,16,0,10502.0
39.6,51.0,17,0,12059.0
20.5,48.3,18,0,9740.0
31.7,52.7,19,0,9634.0
26.7,29.2,20,0,8939.0
17.1,49.1,21,0,7883.0
25.0,51.6,22,0,7152.0
31.3,57.4,23,0,7430.0
23.5,62.0,0,0,6394.0
34.5,65.4,1,0,6795.0
33.2,59.8,2,0,6478.0
32.4,51.3,3,0,6341.0
21.3,30.5,4,0,5723.0
16.4,51.4,5,0,6013.0
20.1,45.4,6,0,6202.0
26.6,67.0,7,0,6905.0
29.4,73.6,8,0,7587.0
7.6,74.1,9,0,7906.0
24.9,71.4,10,0,8572.0
26.3,58.0,11,0,9180.0
22.8,52.2,12,0,9408.0
35.3,48.8,13,0,11051.0
28.4,37.4,14,0,10387.0
35.5,74.9,15,0,11252.0
23.3,57.4,16,0,10194.0
32.5,41.3,17,0,11230.0
38.1,47.6,18,0,10983.0
35.5,47.0,19,0,10247.0
16.3,60.6,20,0,8454.0
23.0,76.0,21,0,7977.0
22.2,54.8,22,0,7216.0
28.9,26.2,23,0,6888.0
30.5,57.2,0,0,6533.0
18.3,57.7,1,0,6133.0
25.5,56.6,2,0,5698.0
8.8,50.6,3,0,5399.0
36.5,63.3,4,0,7130.0
20.9,61.0,5,0,5730.0
25.4,59.6,6,0,5990.0
22.5,66.2,7,0,6799.0
34.2,53.6,8,0,8686.0
2.3,52.7,9,0,7634.0
24.9,80.7,10,0,8355.0
24.2,68.4,11,0,9351.0
21.4,72.4,12,0,9569.0
38.8,78.4,13,0,11822.0
17.9,67.9,14,0,10151.0
31.2,73.9,15,0,10905.0
27.9,36.3,16,0,10667.0
35.1,63.1,17,0,10903.0
19.7,57.3,18,0,9902.0
19.1,85.2,19,0,9336.0
33.8,73.9,20,0,9189.0
28.4,50.5,21,0,8172.0
12.6,65.6,22,0,7393.0
20.7,62.5,23,0,6818.0
28.1,66.8,0,0,6384.0
31.7,44.7,1,0,6407.0
19.6,65.4,2,0,5696.0
1.7,56.6,3,0,5648.0
29.2,64.2,4,0,6009.0
15.2,49.1,5,0,5616.0
8.9,51.2,6,0,6561.0
2.3,77.6,7,0,6569.0
31.5,44.2,8,0,8058.0
26.0,45.3,9,0,8016.0
23.2,59.2,10,0,8365.0
36.1,48.4,11,0,10522.0
30.1,46.7,12,0,9823.0
37.9,61.6,13,0,11782.0
13.9,37.4,14,0,10176.0
24.7,44.9,15,0,10101.0
12.1,90.8,16,0,10625.0
23.2,66.9,17,0,10115.0
23.0,48.8,18,0,9870.0
30.0,66.3,19,0,9332.0
25.4,68.5,20,0,8243.0
30.0,74.9,21,0,8633.0
30.6,58.1,22,0,7772.0
42.2,74.6,23,0,9034.0
22.5,29.4,0,0,6434.0
17.5,44.2,1,0,5854.0
27.0,62.5,2,0,5727.0
18.6,64.9,3,0,5919.0
36.9,46.3,4,0,7004.0
22.7,63.9,5,0,6110.0
20.5,50.6,6,0,5905.0
21.2,55.8,7,0,7025.0
30.7,75.4,8,0,7487.0
23.7,73.6,9,0,8202.0
19.9,45.0,10,0,8699.0
38.3,44.1,11,0,10729.0
18.2,53.8,12,0,9677.0
25.3,59.6,13,0,10028.0
30.2,50.1,14,0,10487.0
11.9,75.6,15,0,10359.0
28.8,65.2,16,0,10886.0
16.6,66.1,17,0,10339.0
31.6,41.0,18,0,10060.0
17.3,77.5,19,0,9254.0
30.5,20.0,20,0,9022.0
33.8,72.5,21,0,8849.0
31.9,74.0,22,0,7762.0
27.0,53.5,23,0,6889.0
23.1,79.1,0,0,6472.0
20.4,59.1,1,0,5755.0
36.8,60.9,2,0,7388.0
19.4,65.1,3,0,5904.0
16.7,100.0,4,0,5791.0
30.3,80.2,5,0,6024.0
18.6,70.5,6,1,4883.0
17.4,46.3,7,0,6856.0
13.5,62.2,8,0,7481.0
21.1,47.8,9,0,8318.0
24.3,72.3,10,0,8586.0
26.9,62.1,11,0,9610.0
32.6,43.1,12,0,10470.0
29.2,61.2,13,0,10203.0
23.5,47.3,14,0,10798.0
23.4,62.3,15,0,10566.0
29.1,47.1,16,0,10389.0
35.2,60.4,17,0,11172.0
26.0,71.3,18,0,9824.0
21.2,59.2,19,0,9170.0
17.1,54.1,20,0,8648.0
13.4,63.0,21,0,7837.0
30.3,70.5,22,0,7391.0
29.6,43.4,23,1,5565.0
29.6,63.9,0,0,6574.0
24.0,79.8,1,0,6027.0
36.3,68.6,2,0,6805.0
21.1,60.9,3,0,5332.0
32.6,69.6,4,0,6185.0
24.7,66.8,5,0,6133.0
20.1,71.3,6,0,6170.0
29.7,29.6,7,0,6973.0
28.3,36.7,8,0,7358.0
27.9,75.1,9,0,7876.0
25.7,37.4,10,0,8483.0
24.7,66.0,11,0,9026.0
44.1,54.7,12,0,12393.0
34.5,45.1,13,0,11186.0
30.8,65.2,14,0,10985.0
25.9,63.0,15,0,10690.0
33.1,91.7,16,0,10607.0
29.1,50.6,17,0,10319.0
25.2,81.6,18,0,9580.0
22.6,65.3,19,0,9423.0
24.4,50.1,20,0,8473.0
-0.4,72.0,21,0,7789.0
26.7,68.5,22,0,7092.0
21.1,60.5,23,0,6739.0
37.7,64.0,0,0,7947.0
25.2,51.0,1,0,5973.0
15.5,47.6,2,0,5441.0
24.6,71.4,3,0,6031.0
16.6,56.6,4,0,5812.0
28.8,58.8,5,0,6195.0
27.3,64.2,6,0,6560.0
32.7,64.0,7,0,7171.0
18.7,38.6,8,0,7197.0
25.3,79.3,9,0,8165.0
14.1,61.8,10,0,8459.0
30.6,57.0,11,0,9537.0
29.2,66.5,12,0,9854.0
29.0,63.5,13,0,9968.0
25.0,71.5,14,0,10246.0
28.3,68.1,15,1,9131.0
37.8,70.8,16,0,11939.0
22.7,80.3,17,0,10301.0
26.1,73.3,18,0,9899.0
16.3,57.6,19,0,9281.0
18.1,43.2,20,0,8687.0
25.8,85.0,21,0,8051.0
33.8,56.4,22,0,8128.0
22.9,52.9,23,1,5094.0
23.1,33.9,0,0,6165.0
21.7,65.1,1,0,5856.0
20.7,62.2,2,1,4051.0
27.4,37.3,3,0,5683.0
13.0,66.8,4,0,5722.0
35.2,52.5,5,0,7071.0
19.7,100.0,6,0,6373.0
30.8,51.5,7,0,7455.0
14.8,53.5,8,0,7377.0
30.4,46.9,9,0,8554.0
30.4,79.2,10,0,9081.0
28.1,54.4,11,0,9437.0
17.0,49.1,12,0,10020.0
27.0,70.6,13,1,8694.0
15.5,39.3,14,0,10339.0
23.0,69.4,15,0,10419.0
33.2,86.7,16,0,11009.0
31.4,68.5,17,0,10484.0
25.1,69.6,18,0,9877.0
17.2,73.1,19,0,9007.0
30.2,85.6,20,0,9269.0
25.2,78.1,21,0,7970.0
6.4,66.6,22,0,7951.0
31.3,73.6,23,0,7151.0
24.8,46.7,0,0,6353.0
34.6,71.6,1,0,6844.0
16.2,44.9,2,0,5523.0
-0.4,54.5,3,0,5813.0
27.2,20.0,4,0,5461.0
27.3,66.0,5,0,5786.0
11.5,50.3,6,0,6420.0
17.2,76.7,7,0,6949.0
47.0,65.9,8,0,9957.0
22.6,76.9,9,0,8116.0
30.8,43.7,10,0,9074.0
19.8,75.6,11,0,9016.0
8.3,91.6,12,0,9539.0
23.6,71.5,13,0,9672.0
22.9,71.9,14,0,10662.0
21.8,62.5,15,0,10603.0
24.1,52.1,16,0,10060.0
27.1,71.4,17,0,10238.0
23.8,37.4,18,0,9582.0
14.9,53.7,19,0,9383.0
28.9,33.4,20,0,8655.0
9.4,49.4,21,0,7927.0
8.6,69.6,22,0,7321.0
30.9,67.6,23,0,7106.0
29.1,60.8,0,0,6741.0
24.5,62.6,1,0,6101.0
13.8,31.7,2,0,5704.0
19.3,54.4,3,0,5805.0
22.9,49.8,4,0,5356.0
12.2,50.1,5,0,5676.0
19.1,69.0,6,1,4898.0
30.2,47.1,7,0,7280.0
36.4,50.9,8,0,8697.0
21.6,28.7,9,0,7623.0
31.1,55.6,10,0,8866.0
9.7,43.7,11,0,9283.0
30.3,61.2,12,0,10524.0
18.6,45.7,13,0,10322.0
27.5,61.6,14,0,10634.0
23.0,57.8,15,0,10468.0
35.6,85.1,16,0,11519.0
18.0,67.5,17,0,9872.0
30.0,32.4,18,0,10191.0
22.8,41.0,19,0,9185.0
23.7,60.8,20,0,8760.0
23.5,46.1,21,0,8006.0
18.2,20.0,22,0,7435.0
24.9,80.2,23,0,6782.0
24.5,70.8,0,0,6348.0
26.9,67.8,1,0,6122.0
25.7,50.9,2,0,5429.0
31.4,66.4,3,0,5809.0
32.4,49.4,4,0,6425.0
16.6,63.1,5,0,6210.0
32.0,46.2,6,0,7234.0
15.5,82.7,7,0,6555.0
29.7,36.4,8,0,7554.0
30.0,78.5,9,0,7998.0
9.7,60.6,10,0,8511.0
25.7,52.7,11,0,9425.0
21.3,62.5,12,0,9694.0
18.9,71.0,13,1,8504.0
35.8,80.5,14,1,10098.0
19.8,64.7,15,0,10241.0
18.5,46.6,16,0,10637.0
25.6,60.8,17,0,10080.0
30.5,87.3,18,0,9989.0
23.9,80.2,19,0,9317.0
34.3,73.6,20,0,9759.0
29.2,71.9,21,0,8506.0
7.6,70.5,22,0,7337.0
20.8,77.4,23,0,7017.0
20.5,53.2,0,0,6323.0
28.8,39.7,1,0,5924.0
4.0,61.0,2,0,5526.0
45.4,47.7,3,0,7989.0
29.2,44.2,4,0,5721.0
26.2,49.2,5,0,6145.0
34.5,97.3,6,0,7412.0
43.7,62.0,7,0,8914.0
32.0,65.4,8,0,7624.0
32.6,41.7,9,0,8466.0
26.0,32.3,10,0,8466.0
23.9,47.7,11,0,9139.0
21.2,81.6,12,0,9932.0
18.4,65.0,13,0,9969.0
19.5,69.0,14,0,10654.0
14.2,71.1,15,0,10064.0
24.4,51.1,16,0,10248.0
11.5,80.8,17,0,10236.0
26.5,50.5,18,0,9866.0
24.7,81.1,19,0,9133.0
26.2,66.6,20,0,8822.0
20.8,33.2,21,0,8162.0
49.6,48.8,22,0,10485.0
35.9,33.2,23,0,8045.0
15.0,77.4,0,0,6444.0
26.9,59.6,1,0,5799.0
20.1,26.6,2,0,6021.0
16.9,65.6,3,0,5433.0
14.3,51.9,4,0,5711.0
28.5,37.7,5,0,5740.0
19.5,85.2,6,0,6324.0
32.7,61.6,7,0,7298.0
33.0,55.6,8,0,8063.0
36.0,54.0,9,0,8881.0
18.2,37.3,10,0,8781.0
28.8,40.4,11,0,9392.0
30.1,79.3,12,1,8723.0
21.2,52.9,13,0,10009.0
18.8,60.3,14,0,10545.0
37.9,29.3,15,0,11889.0
26.8,40.2,16,0,10341.0
30.1,69.1,17,0,10814.0
18.4,65.7,18,0,9600.0
15.2,86.3,19,1,7945.0
20.4,80.1,20,0,8717.0
24.0,56.5,21,0,7886.0
16.5,67.1,22,0,7116.0
24.9,55.3,23,0,6593.0
11.5,90.8,0,0,6529.0
16.0,77.2,1,0,6268.0
30.4,62.5,2,0,6055.0
29.8,63.0,3,0,5903.0
21.9,81.7,4,0,5837.0
16.9,68.7,5,0,5936.0
16.8,83.4,6,0,6523.0
22.0,27.1,7,0,6858.0
30.2,66.9,8,0,7729.0
32.4,52.3,9,0,8524.0
21.0,86.3,10,1,6932.0
15.8,83.2,11,0,8568.0
27.1,60.5,12,0,9944.0
18.4,83.0,13,0,10049.0
20.9,86.7,14,0,10238.0
35.6,61.1,15,0,11150.0
31.6,97.1,16,0,10733.0
26.3,59.5,17,0,9924.0
14.8,56.8,18,0,9538.0
26.7,73.0,19,0,9267.0
33.5,54.7,20,0,9471.0
22.0,61.3,21,0,7728.0
35.8,81.1,22,0,8291.0
35.3,60.3,23,0,7641.0
38.3,34.6,0,0,8212.0
27.4,65.5,1,0,6220.0
29.7,49.6,2,0,5766.0
36.3,73.0,3,0,6452.0
28.6,70.4,4,0,5794.0
21.0,82.1,5,0,5931.0
21.4,73.6,6,0,6366.0
26.9,76.4,7,0,6948.0
14.7,50.0,8,0,7469.0
23.9,72.1,9,0,7777.0
33.8,89.5,10,0,9546.0
7.5,49.7,11,0,9371.0
37.3,87.0,12,0,10944.0
34.0,51.8,13,0,11035.0
21.3,47.2,14,0,10208.0
29.3,64.4,15,0,11001.0
25.0,70.7,16,0,10053.0
34.8,73.7,17,0,11336.0
32.9,45.6,18,0,10092.0
13.8,66.5,19,0,9559.0
29.7,49.7,20,0,8648.0
23.4,37.7,21,0,8038.0
25.7,46.1,22,0,7053.0
19.2,48.7,23,0,6530.0
39.0,67.8,0,0,8130.0
33.3,77.3,1,1,5425.0
19.1,37.9,2,0,5730.0
14.3,65.3,3,0,5748.0
21.9,42.3,4,0,5891.0
28.5,69.4,5,0,5856.0
26.9,50.7,6,0,6023.0
35.0,44.2,7,0,7851.0
31.3,72.0,8,0,7761.0
32.8,51.2,9,0,8791.0
27.6,55.3,10,0,8731.0
13.9,26.7,11,1,7564.0
23.4,74.2,12,0,9838.0
33.5,72.3,13,0,11031.0
24.6,60.1,14,0,10463.0
29.0,37.1,15,0,10472.0
22.5,78.1,16,0,10474.0
16.8,50.0,17,0,10182.0
24.0,53.2,18,0,9825.0
27.5,94.7,19,0,9536.0
19.8,49.4,20,0,8687.0
23.1,71.1,21,0,7879.0
17.5,68.4,22,0,7157.0
34.0,65.9,23,0,7919.0
22.6,64.2,0,0,6374.0
36.6,65.6,1,1,6049.0
37.2,64.1,2,0,6660.0
24.4,59.2,3,0,5782.0
16.9,82.7,4,1,4130.0
8.3,40.3,5,0,5851.0
13.2,75.3,6,0,6150.0
14.0,72.3,7,0,6980.0
36.0,70.5,8,0,8706.0
25.9,76.8,9,0,7772.0
28.1,58.6,10,0,8672.0
7.2,32.0,11,0,9341.0
15.4,58.9,12,0,9733.0
32.1,45.1,13,0,10915.0
27.3,49.0,14,0,10260.0
23.8,41.4,15,0,9949.0
29.5,52.8,16,0,10583.0
38.1,51.1,17,0,11628.0
23.2,24.3,18,0,9759.0
25.6,70.5,19,0,9421.0
26.5,93.3,20,0,8231.0
44.1,69.1,21,0,10373.0
8.2,57.0,22,0,7194.0
30.5,59.2,23,0,6928.0
24.1,53.7,0,0,6288.0
29.5,61.4,1,0,6292.0
19.7,59.4,2,0,5742.0
24.6,47.4,3,0,5462.0
30.7,85.2,4,0,6056.0
49.9,37.7,5,0,9393.0
31.5,70.8,6,1,5459.0
18.2,58.5,7,0,6689.0
21.6,88.5,8,0,7255.0
21.4,65.1,9,0,7657.0
10.6,54.6,10,0,8535.0
22.4,56.3,11,0,8853.0
30.9,60.6,12,0,10540.0
14.8,42.9,13,0,9907.0
33.4,48.5,14,0,11348.0
28.9,33.2,15,0,10899.0
19.1,46.2,16,0,10361.0
23.9,61.4,17,0,10058.0
37.8,64.5,18,0,10901.0
30.9,30.3,19,0,9529.0
25.1,57.9,20,0,8942.0
23.1,68.5,21,0,8070.0
25.6,57.6,22,0,7385.0
20.9,50.5,23,0,7062.0
8.2,53.8,0,0,6442.0
41.3,51.9,1,0,7893.0
26.2,50.4,2,1,4225.0
28.2,62.6,3,0,5474.0
24.5,94.6,4,0,5570.0
19.1,48.8,5,0,5880.0
23.5,55.2,6,0,6414.0
12.2,59.2,7,0,6551.0
43.2,49.7,8,0,9677.0
15.1,76.5,9,0,7922.0
16.7,24.4,10,0,8441.0
21.5,52.0,11,0,9123.0
35.3,72.3,12,0,10328.0
25.1,55.6,13,0,9927.0
15.1,47.7,14,1,8598.0
35.0,66.6,15,0,11399.0
30.8,73.6,16,0,10289.0
29.3,63.2,17,0,10313.0
30.7,48.0,18,0,10288.0
44.2,66.8,19,0,11600.0
42.5,54.0,20,0,10893.0
19.5,71.2,21,0,7897.0
38.0,82.2,22,0,8567.0
28.1,20.9,23,0,6810.0
29.0,61.7,0,0,6588.0
11.5,34.0,1,0,5657.0
23.6,96.6,2,0,5589.0
18.5,53.0,3,0,5551.0
31.6,71.2,4,0,6796.0
33.6,59.5,5,0,6802.0
8.4,48.0,6,0,5922.0
24.8,46.2,7,0,6369.0
34.0,83.8,8,0,8421.0
23.5,74.3,9,0,8497.0
30.8,89.2,10,0,8990.0
27.8,60.8,11,0,9132.0
27.7,64.3,12,0,9783.0
22.8,56.0,13,0,9919.0
15.3,55.7,14,0,9809.0
16.0,44.4,15,1,9107.0
30.7,61.3,16,0,10597.0
25.2,48.2,17,0,10288.0
23.9,66.6,18,0,9545.0
21.6,62.6,19,0,9224.0
22.6,64.3,20,0,8792.0
33.4,85.1,21,0,9020.0
22.3,59.4,22,0,7425.0
14.3,71.4,23,0,6837.0
30.9,90.8,0,0,6869.0
23.4,79.6,1,0,6014.0
25.3,77.3,2,0,5424.0
37.9,55.4,3,0,6825.0
24.8,63.4,4,0,5260.0
27.3,40.2,5,0,6075.0
15.6,67.5,6,0,6224.0
23.2,64.1,7,0,6964.0
29.9,60.4,8,0,7741.0
12.6,75.4,9,0,7800.0
26.6,41.9,10,0,8597.0
25.8,84.5,11,0,9109.0
25.3,73.5,12,0,9575.0
33.3,58.9,13,0,11056.0
27.7,57.8,14,0,10820.0
36.8,67.2,15,0,11947.0
17.1,82.8,16,0,10313.0
26.1,61.5,17,0,10330.0
25.7,62.2,18,0,10040.0
16.4,60.3,19,0,8922.0
32.7,86.7,20,0,9564.0
43.6,54.5,21,0,10494.0
24.9,59.6,22,0,7616.0
29.0,82.0,23,0,7119.0
25.7,62.2,0,0,6257.0
19.3,77.1,1,0,6328.0
10.4,46.3,2,0,5750.0
19.4,56.9,3,0,5513.0
13.9,82.3,4,0,5783.0
38.6,49.9,5,0,7711.0
24.1,57.7,6,0,6322.0
22.2,63.9,7,0,6879.0
32.1,45.2,8,0,8013.0
16.0,53.8,9,0,7868.0
18.9,61.7,10,0,8457.0
25.5,60.7,11,0,8919.0
33.2,79.2,12,0,10785.0
29.0,83.1,13,0,10186.0
27.0,47.2,14,0,9633.0
25.6,61.7,15,0,10479.0
28.2,70.1,16,0,10424.0
26.6,82.7,17,0,9705.0
16.8,70.8,18,0,9531.0
25.4,64.4,19,0,9025.0
16.4,70.0,20,0,8473.0
25.6,70.1,21,0,8243.0
21.2,46.1,22,0,7349.0
45.3,62.9,23,0,9312.0
24.7,81.9,0,0,6527.0
13.8,56.9,1,0,6021.0
23.9,61.9,2,0,5334.0
29.2,56.4,3,0,5650.0
38.4,25.3,4,0,7304.0
20.3,60.3,5,0,5735.0
12.3,64.5,6,0,6709.0
31.5,52.3,7,0,7353.0
14.0,42.7,8,0,7228.0
21.5,46.8,9,0,7775.0
22.9,71.5,10,0,8807.0
24.4,89.6,11,0,9070.0
30.5,80.7,12,0,10150.0
19.5,39.8,13,0,9848.0
22.8,72.8,14,0,10332.0
24.9,50.1,15,0,10273.0
26.2,51.3,16,0,10255.0
25.8,53.1,17,0,9919.0
28.5,70.6,18,0,9975.0
31.8,74.4,19,0,9664.0
28.1,58.5,20,0,8614.0
28.6,58.8,21,0,8075.0
12.3,67.0,22,0,7701.0
25.4,68.5,23,0,6978.0
28.8,77.6,0,0,6586.0
30.8,40.7,1,0,6031.0
19.5,60.3,2,0,5550.0
19.7,44.0,3,0,5838.0
20.4,59.2,4,0,5448.0
29.3,56.6,5,0,6132.0
33.3,59.3,6,0,6881.0
21.7,48.0,7,0,6607.0
32.3,37.7,8,0,8355.0
26.0,28.6,9,1,6644.0
24.0,58.0,10,0,8818.0
23.3,53.5,11,0,9357.0
31.0,49.9,12,0,10115.0
27.6,79.8,13,0,9940.0
43.2,47.1,14,0,12519.0
18.2,81.3,15,0,10362.0
29.1,84.4,16,0,10845.0
20.8,30.7,17,0,9811.0
18.0,61.4,18,0,9586.0
24.9,54.0,19,0,9017.0
26.1,20.0,20,0,8832.0
48.3,38.3,21,0,11423.0
23.5,71.6,22,0,7441.0
16.0,90.3,23,0,6878.0
27.2,73.5,0,0,6321.0
8.4,64.9,1,0,6009.0
24.3,59.7,2,0,5836.0
25.1,85.2,3,0,5685.0
31.4,92.2,4,0,6285.0
32.8,51.2,5,0,6795.0
21.0,30.0,6,0,5947.0
23.8,28.5,7,0,6800.0
18.9,79.8,8,1,5940.0
16.0,59.3,9,0,8083.0
27.5,62.7,10,0,8587.0
14.8,33.1,11,0,9232.0
21.7,48.7,12,0,9553.0
17.0,55.6,13,0,9723.0
29.4,63.1,14,0,10724.0
39.4,54.0,15,0,11885.0
14.6,44.4,16,0,10286.0
10.2,48.2,17,0,9929.0
24.0,78.1,18,0,10014.0
25.1,63.7,19,0,9184.0
26.7,69.2,20,0,8559.0
21.4,46.5,21,0,8150.0
23.4,20.0,22,0,7810.0
27.9,52.2,23,0,6881.0
33.3,47.0,0,0,7026.0
9.4,65.2,1,0,6061.0
22.0,100.0,2,0,5367.0
26.7,70.4,3,0,5609.0
17.7,100.0,4,0,6081.0
38.8,68.5,5,0,7580.0
19.9,50.6,6,0,6324.0
24.7,65.2,7,0,6804.0
29.4,86.7,8,0,7517.0
20.3,87.4,9,0,8063.0
10.2,51.4,10,0,8776.0
21.6,63.8,11,0,9134.0
33.2,38.6,12,0,9984.0
22.3,72.4,13,1,8672.0
18.2,83.3,14,0,10745.0
32.4,60.6,15,0,10986.0
22.4,50.0,16,0,10024.0
20.9,65.4,17,0,10214.0
26.2,66.3,18,0,10046.0
31.2,61.2,19,0,9781.0
44.1,62.7,20,0,11374.0
31.6,57.4,21,0,8701.0
34.3,74.9,22,0,8462.0
21.0,71.0,23,0,6696.0
16.8,45.3,0,0,6360.0
25.5,44.8,1,0,5916.0
25.9,56.2,2,0,5669.0
16.4,71.1,3,0,5549.0
23.6,62.2,4,0,5727.0
28.2,50.4,5,0,5691.0
27.9,63.9,6,0,6465.0
29.0,55.0,7,0,6780.0
27.3,73.2,8,0,7329.0
20.9,65.0,9,0,8066.0
20.9,55.3,10,0,8436.0
15.4,63.5,11,0,8807.0
39.3,79.7,12,0,11312.0
25.1,51.5,13,0,9792.0
23.2,66.0,14,0,10461.0
17.6,58.9,15,0,10169.0
48.5,66.4,16,1,12188.0
16.4,50.2,17,0,10077.0
21.6,61.7,18,1,8209.0
28.3,76.6,19,0,8853.0
29.8,45.9,20,0,8920.0
32.7,40.1,21,0,8683.0
39.5,40.6,22,0,8838.0
29.0,42.4,23,0,6975.0
16.6,68.9,0,0,6223.0
22.9,38.9,1,0,5878.0
27.5,55.5,2,0,5687.0
41.5,69.3,3,0,7538.0
13.8,66.2,4,0,5731.0
34.6,54.2,5,0,6897.0
26.4,62.9,6,0,6397.0
31.7,61.6,7,0,7250.0
24.2,56.6,8,0,7166.0
18.3,56.8,9,0,7858.0
31.0,93.5,10,0,9361.0
30.2,72.1,11,0,9727.0
32.8,97.2,12,0,10656.0
24.9,52.5,13,0,10335.0
20.2,58.7,14,0,10225.0
12.5,40.0,15,0,10459.0
31.6,47.9,16,0,10867.0
28.4,88.5,17,0,10269.0
17.3,52.2,18,0,9639.0
20.7,88.8,19,0,9219.0
21.3,41.3,20,0,8636.0
13.1,44.2,21,0,8106.0
18.5,54.9,22,0,7510.0
15.9,59.0,23,0,6819.0
21.7,73.8,0,0,6328.0
19.1,66.8,1,0,5967.0
12.0,53.8,2,0,6011.0
41.2,58.0,3,0,7231.0
35.0,55.2,4,0,6541.0
18.8,46.3,5,0,6056.0
27.2,46.7,6,0,6357.0
28.3,75.4,7,0,6904.0
34.5,32.6,8,0,8492.0
18.5,84.3,9,0,8043.0
33.7,54.9,10,0,9370.0
20.6,48.4,11,0,9326.0
14.3,71.1,12,0,9701.0
30.8,82.3,13,0,10408.0
35.3,76.8,14,0,11555.0
45.7,67.5,15,0,13186.0
15.4,76.3,16,0,10361.0
30.6,34.3,17,0,10811.0
21.7,52.2,18,0,9962.0
31.3,46.3,19,0,9890.0
13.2,78.4,20,0,9134.0
14.9,54.2,21,0,7971.0
18.8,72.7,22,0,7286.0
25.6,68.0,23,0,6972.0
19.9,47.1,0,0,6252.0
30.3,51.2,1,0,6265.0
33.2,79.4,2,0,6267.0
29.8,48.4,3,0,5991.0
38.0,61.9,4,0,6880.0
28.3,48.3,5,0,5951.0
15.3,55.3,6,0,6300.0
35.9,59.3,7,0,7899.0
20.2,48.3,8,0,7027.0
32.3,45.6,9,0,8290.0
37.6,64.3,10,0,9910.0
28.7,47.3,11,0,9406.0
13.0,47.8,12,0,9755.0
17.7,45.9,13,0,10075.0
35.6,58.8,14,0,11279.0
23.6,74.2,15,0,10468.0
25.6,82.6,16,0,9958.0
31.1,49.1,17,0,10060.0
30.6,92.3,18,0,10034.0
27.2,44.9,19,0,9091.0
23.3,76.3,20,0,8824.0
22.5,49.2,21,0,8032.0
31.9,46.9,22,1,6788.0
29.4,48.8,23,0,6905.0
22.9,59.2,0,0,6400.0
33.7,68.7,1,0,6720.0
24.0,70.0,2,0,5958.0
18.2,45.8,3,0,5559.0
18.9,45.2,4,0,5853.0
17.2,46.3,5,0,5706.0
22.8,58.3,6,0,6220.0
34.9,56.8,7,0,7814.0
18.6,45.7,8,0,7632.0
26.5,64.0,9,0,7561.0
19.7,93.9,10,0,8555.0
22.9,52.4,11,0,9127.0
12.9,53.5,12,1,7782.0
23.2,68.4,13,0,9986.0
23.5,51.6,14,0,10010.0
29.3,70.0,15,0,10132.0
26.8,49.2,16,0,10266.0
15.4,87.5,17,0,10019.0
33.7,65.2,18,0,10499.0
26.7,50.7,19,0,9251.0
26.6,51.2,20,1,6945.0
24.9,52.3,21,0,8358.0
20.9,80.6,22,0,7372.0
26.7,41.0,23,0,7057.0
28.8,50.0,0,0,6088.0
11.0,51.6,1,0,5755.0
20.7,59.8,2,0,5819.0
23.0,55.9,3,0,5555.0
27.0,37.6,4,0,5467.0
34.5,54.0,5,0,6536.0
18.8,58.5,6,0,6450.0
21.0,50.6,7,0,6930.0
20.9,70.3,8,0,7427.0
18.6,73.8,9,0,7901.0
22.2,58.8,10,0,8399.0
31.2,63.5,11,0,9664.0
16.6,27.6,12,0,9434.0
28.4,53.7,13,0,9992.0
11.4,75.1,14,0,10570.0
20.5,53.6,15,0,10030.0
22.4,48.9,16,0,10454.0
38.4,94.2,17,0,11937.0
22.8,87.3,18,0,9860.0
7.4,67.0,19,0,9280.0
9.0,77.1,20,0,8528.0
25.3,26.6,21,0,7871.0
29.9,48.2,22,0,7216.0
28.0,53.0,23,0,6808.0
26.3,56.5,0,0,6222.0
34.3,52.7,1,0,6727.0
20.7,21.7,2,0,5678.0
32.2,65.8,3,0,6236.0
11.9,68.2,4,0,5555.0
17.8,84.0,5,0,6244.0
10.5,48.2,6,0,6449.0
22.8,46.9,7,0,6979.0
24.6,20.0,8,0,7358.0
25.9,55.6,9,0,8102.0
25.5,73.5,10,0,8442.0
17.6,50.8,11,0,9333.0
23.5,92.2,12,0,9656.0
13.0,56.2,13,0,9874.0
35.9,62.2,14,0,11500.0
22.6,39.6,15,0,10342.0
21.1,64.3,16,0,10783.0
37.7,30.3,17,0,11622.0
15.1,70.4,18,0,10013.0
16.0,70.9,19,0,9426.0
16.2,80.4,20,0,8629.0
24.5,44.7,21,0,7911.0
28.5,62.4,22,0,7099.0
30.9,68.5,23,0,7063.0
45.6,66.6,0,0,9072.0
7.0,47.0,1,0,5861.0
29.9,24.1,2,0,6037.0
20.5,65.2,3,0,5194.0
20.3,57.7,4,0,5772.0
20.0,51.5,5,0,6141.0
17.7,71.5,6,0,5948.0
38.5,59.3,7,0,8446.0
31.7,40.2,8,0,8208.0
25.2,31.0,9,0,8336.0
35.8,43.1,10,0,9692.0
12.9,95.9,11,0,9356.0
14.4,70.8,12,0,9983.0
7.6,62.8,13,0,10159.0
19.4,57.3,14,0,10575.0
26.3,56.3,15,0,10393.0
25.8,77.5,16,0,10397.0
26.2,52.6,17,0,9954.0
13.7,68.7,18,0,9664.0
31.4,54.8,19,0,9801.0
26.9,89.1,20,0,8482.0
30.9,71.1,21,0,8385.0
9.9,78.7,22,0,7531.0
27.5,51.2,23,0,7211.0
15.5,75.9,0,0,5893.0
21.8,55.3,1,0,6317.0
29.3,61.7,2,0,5821.0
25.7,84.5,3,0,5793.0
18.2,44.4,4,0,5914.0
25.1,63.0,5,0,6234.0
12.7,66.6,6,0,6157.0
34.2,67.8,7,0,7685.0
23.4,53.2,8,0,7368.0
33.9,91.3,9,0,8821.0
20.8,40.6,10,0,8885.0
20.8,81.9,11,0,9185.0
18.9,78.2,12,0,9373.0
32.0,88.5,13,0,10553.0
19.3,36.2,14,0,10003.0
30.2,47.0,15,0,10678.0
21.9,82.4,16,0,10453.0
9.2,31.8,17,0,9948.0
20.4,35.9,18,0,9616.0
15.6,52.7,19,0,9145.0
25.3,62.9,20,0,8649.0
15.5,83.9,21,0,8103.0
32.4,57.2,22,0,8201.0
24.3,50.9,23,0,7251.0
23.6,64.7,0,0,6328.0
30.2,67.0,1,0,6406.0
32.7,66.6,2,0,6071.0
24.8,57.3,3,1,4024.0
18.8,30.7,4,0,5628.0
10.8,46.2,5,0,5718.0
19.5,81.3,6,0,6196.0
20.1,62.8,7,0,6779.0
25.9,55.2,8,0,7278.0
22.2,76.8,9,0,8520.0
30.5,43.0,10,0,9099.0
20.1,56.6,11,0,9600.0
24.5,62.1,12,0,9996.0
34.5,53.4,13,0,10921.0
27.7,61.5,14,0,10326.0
24.5,57.2,15,0,10313.0
20.2,39.0,16,0,10286.0
19.9,62.7,17,0,9883.0
18.2,40.1,18,0,9609.0
20.7,62.5,19,0,9272.0
31.0,80.6,20,0,9145.0
23.2,55.8,21,0,8051.0
14.2,42.4,22,0,7367.0
39.1,58.1,23,0,8644.0
27.6,47.5,0,0,6252.0
13.7,68.9,1,0,6200.0
21.5,57.8,2,0,5312.0
25.9,85.6,3,0,5731.0
38.6,77.4,4,0,7375.0
16.1,57.7,5,0,5787.0
32.8,70.7,6,0,6953.0
36.2,54.1,7,0,8122.0
20.0,60.5,8,0,7562.0
22.8,54.6,9,0,7650.0
16.7,71.5,10,0,8747.0
23.4,81.5,11,0,9108.0
24.7,72.0,12,0,9922.0
30.3,73.8,13,0,10052.0
33.7,73.8,14,0,11666.0
19.0,68.3,15,0,10223.0
9.3,42.9,16,0,10604.0
24.8,85.5,17,0,10065.0
27.3,87.1,18,0,9533.0
27.0,56.5,19,0,9253.0
22.4,54.4,20,0,8827.0
26.0,69.2,21,0,7689.0
37.1,68.3,22,0,8888.0
28.1,57.0,23,0,6806.0
22.0,41.2,0,0,6418.0
21.0,64.6,1,0,5924.0
23.6,68.3,2,0,5567.0
38.1,70.9,3,0,6891.0
23.5,65.2,4,0,5816.0
24.8,55.9,5,0,6055.0
21.1,74.9,6,0,6435.0
33.8,61.0,7,0,7754.0
40.7,53.0,8,0,9470.0
28.6,57.3,9,0,8372.0
25.7,33.8,10,0,8246.0
25.3,57.3,11,0,8732.0
5.9,70.3,12,0,10041.0
31.0,65.1,13,0,10254.0
26.1,82.8,14,0,10101.0
28.4,56.1,15,0,10406.0
19.3,67.3,16,0,9987.0
21.9,71.9,17,0,10002.0
21.7,95.1,18,0,9507.0
33.2,62.2,19,0,9929.0
22.0,44.3,20,0,8677.0
41.7,72.7,21,0,9980.0
28.4,88.0,22,0,7367.0
14.8,55.2,23,0,6852.0
24.0,72.6,0,0,6512.0
19.8,78.4,1,0,6242.0
7.4,75.3,2,0,5638.0
37.8,61.9,3,0,7434.0
30.6,49.5,4,0,6251.0
29.3,58.8,5,0,5865.0
26.3,66.9,6,0,6051.0
13.9,73.6,7,0,6685.0
21.1,65.0,8,0,7668.0
31.7,54.3,9,0,8460.0
16.6,68.3,10,0,8243.0
4.7,72.9,11,0,9154.0
23.2,65.7,12,0,9301.0
23.9,47.5,13,0,9867.0
26.1,57.3,14,0,10201.0
30.8,74.2,15,0,10854.0
30.1,39.3,16,0,10838.0
27.1,28.6,17,0,10217.0
34.6,82.6,18,0,10446.0
12.8,67.7,19,0,9126.0
29.0,69.1,20,0,8792.0
30.0,43.8,21,0,8249.0
15.1,71.1,22,0,7325.0
13.0,64.1,23,0,6455.0
19.0,36.2,0,0,6072.0
19.7,81.4,1,0,5841.0
31.0,62.4,2,0,5517.0
20.1,54.1,3,0,5728.0
18.1,54.3,4,0,5407.0
20.1,29.8,5,0,6059.0
33.9,68.9,6,0,7315.0
25.1,63.9,7,0,6691.0
23.6,57.1,8,0,7579.0
24.1,79.2,9,0,8149.0
35.3,39.2,10,0,9660.0
19.0,51.0,11,0,9116.0
35.5,47.2,12,0,11045.0
26.7,55.8,13,0,10125.0
23.7,61.0,14,0,10527.0
45.0,66.5,15,0,12473.0
16.6,54.8,16,0,10338.0
22.2,46.8,17,0,9763.0
15.1,85.3,18,0,9692.0
32.6,96.2,19,0,10036.0
38.5,62.1,20,0,10546.0
38.4,48.6,21,0,9366.0
34.8,82.1,22,0,8292.0
23.4,38.3,23,0,6781.0
22.1,55.0,0,0,6108.0
11.6,49.6,1,0,6117.0
41.3,42.6,2,0,7661.0
28.8,55.8,3,0,5737.0
21.1,47.0,4,0,5806.0
35.6,60.2,5,0,7051.0
17.2,60.4,6,0,6139.0
28.3,50.7,7,0,6825.0
23.6,54.4,8,0,7208.0
30.1,56.5,9,0,8338.0
24.5,72.1,10,0,8821.0
13.4,57.8,11,0,8965.0
25.6,72.4,12,0,9391.0
33.4,68.8,13,0,10897.0
24.8,68.6,14,0,10165.0
31.2,80.8,15,0,10886.0
16.6,43.2,16,0,10382.0
24.8,52.9,17,0,9650.0
20.0,86.4,18,0,9835.0
31.0,56.1,19,0,9412.0
25.3,20.0,20,0,8617.0
30.5,57.0,21,0,8246.0
33.7,62.0,22,0,8124.0
30.5,20.7,23,0,7519.0
27.2,80.0,0,0,6367.0
17.0,49.3,1,0,6102.0
25.0,64.9,2,0,5712.0
20.7,56.6,3,0,5724.0
22.2,40.7,4,0,5765.0
22.0,43.9,5,0,5972.0
17.2,46.0,6,0,6524.0
9.3,76.3,7,0,6831.0
19.7,57.8,8,0,7836.0
26.5,52.2,9,0,8192.0
14.2,46.0,10,0,8393.0
25.1,77.9,11,0,9165.0
40.2,82.0,12,1,10107.0
33.2,77.8,13,0,10865.0
38.1,67.4,14,0,11978.0
28.1,64.3,15,0,10579.0
34.3,41.8,16,0,10997.0
19.2,56.3,17,0,10335.0
19.8,49.7,18,0,9598.0
3.1,32.6,19,0,9081.0
34.5,75.9,20,0,9475.0
37.3,49.6,21,0,9560.0
20.6,77.9,22,0,7325.0
23.0,73.2,23,0,6667.0
19.0,68.4,0,0,6218.0
28.1,69.2,1,0,5572.0
34.0,50.8,2,0,6413.0
11.1,87.9,3,0,5352.0
28.3,60.6,4,0,5669.0
22.8,64.5,5,0,6054.0
25.9,50.3,6,0,6414.0
28.7,46.0,7,1,5652.0
23.5,67.2,8,0,7586.0
24.2,63.3,9,0,7894.0
23.3,48.2,10,1,7125.0
32.8,38.4,11,0,9908.0
28.4,41.0,12,0,9319.0
26.8,77.9,13,0,9835.0
14.8,50.8,14,0,10285.0
22.0,54.9,15,0,10365.0
32.2,81.8,16,0,11049.0
25.3,43.2,17,0,10171.0
30.3,49.1,18,0,9684.0
39.1,48.5,19,0,10974.0
33.3,84.3,20,0,9453.0
25.7,89.9,21,0,8125.0
20.9,71.3,22,0,7592.0
4.6,71.8,23,0,6771.0
23.7,51.3,0,0,6552.0
22.4,89.2,1,0,5744.0
28.1,64.0,2,0,5511.0
23.8,72.8,3,0,5686.0
22.4,58.4,4,0,5608.0
10.8,56.0,5,0,5974.0
17.5,84.9,6,0,6702.0
28.8,68.1,7,0,7001.0
38.7,81.8,8,0,9030.0
24.2,63.8,9,0,7826.0
27.6,47.3,10,0,8281.0
32.6,51.2,11,0,9878.0
18.5,61.5,12,0,9910.0
27.9,50.6,13,0,10014.0
19.1,43.4,14,0,10399.0
31.9,78.0,15,0,11273.0
26.2,51.8,16,0,10599.0
27.4,62.1,17,0,10164.0
18.7,64.4,18,0,9731.0
30.7,51.2,19,1,7795.0
41.7,81.8,20,0,10547.0
16.9,43.2,21,0,7944.0
22.3,63.9,22,0,7208.0
26.9,63.7,23,0,6850.0
31.3,59.2,0,0,7179.0
20.5,40.5,1,0,6225.0
2.3,73.1,2,0,5731.0
35.9,71.2,3,0,6937.0
31.1,49.9,4,0,5999.0
11.1,70.6,5,0,6214.0
20.1,65.6,6,0,5991.0
37.5,40.8,7,0,8414.0
36.6,47.2,8,0,8765.0
32.5,77.1,9,0,8525.0
23.6,64.6,10,1,7079.0
25.7,51.5,11,0,8973.0
24.0,47.1,12,0,9479.0
34.0,52.3,13,0,10664.0
18.0,53.3,14,0,10472.0
18.6,47.3,15,0,10641.0
33.1,33.9,16,0,10648.0
24.6,77.1,17,0,10446.0
36.0,74.6,18,0,10899.0
19.6,40.9,19,0,9258.0
24.6,62.0,20,0,8327.0
17.6,46.5,21,0,8264.0
25.1,56.1,22,0,7419.0
13.2,54.8,23,0,7028.0
21.1,53.6,0,0,6547.0
13.5,90.0,1,0,6189.0
30.6,53.4,2,0,5935.0
30.7,47.9,3,0,5968.0
11.2,48.6,4,0,5559.0
35.7,75.7,5,0,7251.0
45.0,35.2,6,0,8916.0
25.4,48.6,7,0,7014.0
19.9,81.7,8,0,7601.0
47.6,63.7,9,0,10594.0
14.4,62.9,10,0,8891.0
25.2,92.0,11,0,9390.0
26.4,63.7,12,0,9623.0
35.8,49.4,13,0,11313.0
27.9,55.8,14,0,10293.0
21.0,43.0,15,0,10523.0
17.4,78.8,16,0,10244.0
22.3,68.6,17,0,10174.0
16.9,76.9,18,0,9711.0
25.4,78.2,19,0,9114.0
20.5,53.8,20,0,8659.0
13.0,45.8,21,0,8541.0
35.0,59.2,22,0,8298.0
21.0,46.9,23,0,6750.0
14.9,62.5,0,0,6169.0
23.7,77.0,1,0,5809.0
25.5,57.5,2,0,5845.0
11.0,62.2,3,0,5743.0
27.7,58.6,4,0,5681.0
16.6,72.0,5,0,6127.0
38.7,50.0,6,0,8065.0
29.2,27.1,7,0,6946.0
21.8,67.1,8,0,7072.0
19.0,74.8,9,0,8166.0
24.2,66.7,10,0,8655.0
29.9,50.4,11,0,9490.0
24.8,43.0,12,0,9604.0
23.3,67.4,13,0,10227.0
25.5,62.1,14,0,10388.0
20.2,58.1,15,0,10353.0
22.3,87.3,16,0,10073.0
8.3,45.8,17,0,10292.0
32.8,86.6,18,0,10537.0
27.4,60.5,19,0,9251.0
18.8,32.5,20,0,8090.0
40.2,57.3,21,0,9821.0
25.7,74.4,22,0,7331.0
16.7,54.5,23,0,6676.0
31.9,37.9,0,0,7032.0
28.2,57.5,1,0,6092.0
28.2,47.1,2,0,5793.0
21.6,67.4,3,0,5808.0
28.6,71.6,4,0,5568.0
22.9,44.2,5,0,5831.0
29.4,49.4,6,0,6535.0
9.8,71.3,7,0,6676.0
21.5,47.1,8,0,7524.0
38.8,43.8,9,0,9512.0
18.9,42.3,10,0,8881.0
20.2,65.3,11,0,9014.0
21.4,64.6,12,0,10123.0
15.3,49.7,13,0,10484.0
7.3,60.1,14,0,10299.0
23.2,82.9,15,0,10629.0
26.1,45.4,16,0,10238.0
24.6,30.7,17,0,10281.0
23.8,66.8,18,0,9662.0
25.3,58.3,19,0,8943.0
33.2,49.3,20,0,8692.0
23.5,69.8,21,0,7946.0
20.4,72.6,22,0,7435.0
22.8,26.9,23,0,7066.0
29.6,50.2,0,0,6555.0
36.3,94.8,1,0,7367.0
20.0,68.8,2,0,5591.0
25.8,70.1,3,0,5533.0
27.7,77.6,4,0,5893.0
17.1,60.3,5,0,5429.0
25.2,72.0,6,0,6306.0
13.3,70.8,7,0,6720.0
10.8,68.1,8,0,7651.0
27.9,55.2,9,0,7894.0
21.9,62.6,10,0,8724.0
26.6,51.2,11,0,9384.0
24.9,60.2,12,0,9399.0
17.2,42.5,13,0,10051.0
24.6,48.1,14,0,10232.0
15.1,55.8,15,0,10589.0
36.1,45.8,16,0,11672.0
14.2,52.4,17,0,10032.0
23.4,57.5,18,0,9488.0
16.7,66.0,19,0,9408.0
29.6,74.2,20,1,7342.0
22.3,53.0,21,0,7676.0
20.9,80.0,22,0,7072.0
31.8,74.1,23,0,7461.0
25.2,67.6,0,0,6048.0
29.1,62.3,1,0,6463.0
17.1,64.8,2,0,5494.0
13.8,77.8,3,0,5600.0
25.9,78.4,4,0,5714.0
22.4,80.0,5,0,5776.0
30.0,60.6,6,0,6157.0
24.4,68.3,7,0,6838.0
26.6,80.2,8,0,7228.0
12.0,50.6,9,0,8023.0
40.1,55.2,10,0,10413.0
23.7,60.2,11,0,9253.0
30.6,73.5,12,0,10397.0
18.3,73.7,13,0,9969.0
27.5,56.5,14,0,10224.0
14.6,37.4,15,0,10067.0
28.6,63.7,16,0,10372.0
22.2,46.2,17,0,10160.0
25.2,37.7,18,0,9600.0
30.6,41.0,19,0,9671.0
15.1,64.9,20,0,8586.0
19.5,80.4,21,0,7740.0
28.7,60.6,22,0,7540.0
41.8,63.2,23,0,8827.0
23.9,77.7,0,0,6327.0
29.7,36.8,1,0,6068.0
24.1,67.8,2,0,5551.0
40.5,59.8,3,0,7512.0
11.0,68.5,4,0,5636.0
25.8,52.7,5,0,6266.0
12.0,47.7,6,0,6463.0
4.9,62.1,7,0,6909.0
27.4,84.7,8,0,7343.0
26.1,72.9,9,0,7595.0
22.7,52.4,10,0,8460.0
24.2,39.9,11,0,9071.0
49.8,34.8,12,0,12910.0
22.9,79.7,13,0,10072.0
29.1,45.7,14,0,10612.0
19.8,55.1,15,0,10455.0
27.4,79.8,16,0,10550.0
23.1,35.8,17,0,10016.0
21.7,82.4,18,0,9748.0
39.6,56.2,19,0,11001.0
34.4,42.8,20,0,9633.0
26.1,56.3,21,1,6756.0
6.6,49.2,22,0,7540.0
22.1,66.6,23,0,6536.0
46.6,50.3,0,0,9074.0
23.2,31.3,1,0,5919.0
33.8,56.7,2,0,6986.0
36.5,39.7,3,0,6814.0
26.8,63.1,4,0,5485.0
18.3,42.2,5,0,6009.0
5.5,52.7,6,0,6402.0
30.5,62.7,7,0,7156.0
18.5,56.8,8,0,7335.0
26.4,63.8,9,0,8190.0
15.0,70.2,10,0,8450.0
22.9,42.6,11,0,9132.0
25.3,59.0,12,0,9593.0
27.1,20.0,13,0,10297.0
16.1,63.7,14,0,10375.0
34.6,55.5,15,0,11173.0
20.2,45.2,16,0,10125.0
11.6,64.7,17,0,10453.0
24.1,77.6,18,0,9914.0
25.3,52.9,19,0,9368.0
26.3,45.8,20,0,8624.0
35.9,62.5,21,0,9486.0
23.1,40.0,22,0,7158.0
24.0,50.1,23,0,6951.0
16.2,78.3,0,0,6214.0
31.6,60.9,1,0,6406.0
26.5,31.8,2,0,5827.0
21.6,33.0,3,0,5571.0
9.8,62.4,4,0,5595.0
36.6,72.9,5,0,7106.0
15.2,35.7,6,0,5906.0
20.3,66.7,7,0,6953.0
27.9,80.0,8,0,7178.0
15.4,88.3,9,0,8372.0
13.1,65.0,10,0,8564.0
8.0,67.6,11,0,9462.0
30.8,28.0,12,0,9750.0
20.6,91.5,13,0,10225.0
48.4,51.4,14,0,13579.0
17.0,46.0,15,0,10661.0
17.6,56.2,16,0,10013.0
20.5,82.7,17,0,9938.0
26.9,93.1,18,0,9812.0
21.2,61.9,19,0,9230.0
29.9,75.0,20,0,8965.0
17.2,60.6,21,0,7928.0
13.9,44.4,22,0,7689.0
10.6,82.2,23,0,7322.0
7.2,50.7,0,0,6324.0
20.9,83.0,1,0,6012.0
22.6,79.5,2,0,5693.0
19.9,69.2,3,1,4357.0
34.9,87.4,4,0,6890.0
34.8,93.5,5,0,6732.0
22.3,57.4,6,0,6180.0
10.6,47.9,7,0,6598.0
20.5,32.0,8,0,7918.0
20.2,93.7,9,0,8127.0
19.7,53.4,10,0,8502.0
19.4,77.0,11,0,9065.0
19.8,48.9,12,0,9858.0
21.9,83.1,13,0,10259.0
19.9,49.5,14,0,10478.0
26.7,42.1,15,0,10315.0
27.9,56.9,16,0,10379.0
17.7,52.0,17,0,10101.0
35.2,68.9,18,0,10585.0
17.2,59.2,19,1,7515.0
12.1,69.4,20,0,8704.0
28.0,55.6,21,0,8046.0
18.5,50.0,22,0,7490.0
27.6,51.2,23,0,6958.0
5.8,90.7,0,0,6603.0
36.1,63.4,1,0,6987.0
30.4,30.2,2,0,6165.0
13.0,52.2,3,0,5750.0
13.2,61.5,4,0,5619.0
38.4,87.7,5,0,7503.0
19.1,75.4,6,0,6246.0
18.3,46.2,7,0,7222.0
6.9,96.3,8,0,7400.0
22.2,59.5,9,0,8090.0
23.2,78.7,10,0,8568.0
30.7,42.7,11,0,9513.0
13.8,24.0,12,0,9437.0
12.8,38.9,13,0,10298.0
28.6,20.0,14,0,10563.0
33.1,91.7,15,0,11098.0
12.4,63.2,16,0,10138.0
33.7,46.1,17,0,10962.0
25.3,66.8,18,0,9598.0
33.7,62.8,19,1,8516.0
24.4,69.3,20,0,8368.0
4.8,78.1,21,0,8043.0
23.8,55.7,22,0,7426.0
33.5,46.8,23,0,7841.0
17.9,72.4,0,0,6273.0
21.9,72.0,1,0,5855.0
23.6,61.5,2,0,5370.0
1.8,92.7,3,0,5820.0
38.4,53.4,4,0,7416.0
17.8,46.5,5,0,5927.0
29.0,66.3,6,0,6194.0
24.3,49.9,7,0,6557.0
35.1,67.4,8,0,8329.0
28.2,47.5,9,0,8230.0
23.1,54.0,10,0,8679.0
17.9,88.4,11,0,8901.0
31.4,53.9,12,0,10285.0
10.0,48.0,13,0,9911.0
30.2,77.6,14,1,9039.0
16.2,44.2,15,0,10594.0
35.0,49.6,16,0,11524.0
26.3,68.6,17,0,10297.0
30.2,74.1,18,0,10015.0
25.7,78.3,19,0,9377.0
11.0,48.8,20,0,8504.0
18.1,68.9,21,0,7948.0
30.4,53.0,22,0,7670.0
26.3,50.9,23,0,6805.0
34.4,78.0,0,0,7013.0
28.2,51.8,1,0,5910.0
17.3,64.2,2,0,5972.0
18.6,62.3,3,0,5381.0
25.8,43.9,4,0,5416.0
6.5,74.5,5,0,5672.0
38.4,68.4,6,0,8393.0
28.5,30.2,7,1,5473.0
34.8,64.2,8,0,8347.0
12.4,48.4,9,0,8014.0
35.0,76.5,10,0,9710.0
42.9,38.3,11,0,11300.0
14.4,54.7,12,0,9594.0
31.2,65.4,13,0,10523.0
25.0,60.8,14,0,10173.0
12.6,71.4,15,0,10321.0
28.9,37.2,16,0,10530.0
31.7,84.8,17,0,10429.0
20.2,67.9,18,0,10219.0
34.3,80.4,19,0,10300.0
11.7,73.1,20,0,8367.0
13.0,59.8,21,0,7504.0
26.1,40.7,22,0,7241.0
25.2,51.5,23,0,6937.0
19.3,83.8,0,0,6401.0
31.5,80.8,1,0,6421.0
29.2,50.7,2,0,5749.0
31.9,20.0,3,0,5999.0
24.0,56.8,4,0,5601.0
29.8,55.7,5,0,5992.0
21.4,56.3,6,0,6223.0
41.4,67.9,7,0,9081.0
18.5,73.1,8,0,7225.0
41.8,74.9,9,0,10199.0
25.3,66.7,10,1,7274.0
14.0,33.0,11,0,8984.0
35.9,54.9,12,0,10720.0
26.0,94.6,13,0,10292.0
31.8,65.6,14,0,10704.0
34.8,65.5,15,0,11407.0
27.7,65.4,16,0,10726.0
20.3,66.2,17,0,10274.0
32.8,24.3,18,1,8935.0
25.0,56.4,19,1,7868.0
30.5,59.4,20,0,8983.0
7.8,79.2,21,0,8204.0
28.6,60.7,22,0,7056.0
19.9,35.3,23,0,6772.0
38.2,66.5,0,0,7420.0
30.0,47.9,1,1,4752.0
26.9,41.7,2,0,5635.0
28.9,47.5,3,0,6006.0
17.0,68.1,4,0,5824.0
38.0,78.9,5,0,7314.0
40.9,67.2,6,0,8161.0
28.1,69.5,7,0,6898.0
37.7,67.1,8,0,8723.0
20.4,61.5,9,0,7994.0
18.6,70.5,10,0,8885.0
25.3,23.7,11,0,9034.0
28.5,61.7,12,0,9679.0
21.8,44.3,13,0,10017.0
29.3,77.4,14,0,11145.0
27.5,57.8,15,0,10522.0
17.0,60.5,16,0,10545.0
29.2,37.4,17,0,10405.0
31.9,75.3,18,0,10450.0
26.4,69.4,19,0,9295.0
34.2,68.4,20,0,9627.0
15.3,47.8,21,0,7710.0
28.7,48.4,22,0,7562.0
15.6,63.4,23,0,6778.0
16.1,49.6,0,0,6412.0
20.0,66.5,1,0,5907.0
17.5,27.6,2,0,5834.0
20.6,52.7,3,0,5788.0
23.3,87.0,4,0,5099.0
31.7,66.6,5,0,6389.0
22.4,62.5,6,0,5931.0
12.3,89.8,7,0,6848.0
34.1,25.0,8,0,8237.0
18.3,47.8,9,0,8271.0
24.5,54.0,10,0,8663.0
28.6,72.9,11,0,9189.0
26.6,73.1,12,0,9885.0
33.8,47.0,13,0,10878.0
28.8,75.0,14,0,10343.0
18.1,54.0,15,0,10479.0
42.4,78.2,16,0,12805.0
26.6,44.5,17,0,10249.0
23.8,58.2,18,0,9810.0
32.7,52.6,19,0,10457.0
27.0,75.8,20,0,8475.0
28.2,52.2,21,0,7878.0
44.9,59.4,22,0,9949.0
22.8,67.6,23,0,7103.0
22.5,68.2,0,0,6115.0
25.9,73.3,1,0,6272.0
33.6,63.2,2,0,6230.0
12.9,53.7,3,0,5576.0
9.3,54.8,4,0,5716.0
20.3,60.4,5,0,5745.0
11.9,63.7,6,0,6179.0
21.6,57.8,7,0,6959.0
29.0,60.3,8,0,7820.0
17.9,37.2,9,0,7577.0
13.6,70.0,10,0,8657.0
25.6,62.7,11,0,9177.0
31.9,75.0,12,0,10304.0
11.4,60.0,13,0,10015.0
31.6,33.9,14,0,10594.0
31.5,54.6,15,0,11239.0
32.6,57.0,16,0,11245.0
34.7,71.1,17,0,11070.0
42.6,28.9,18,0,11792.0
22.2,60.6,19,0,9078.0
25.9,67.7,20,0,8104.0
21.7,50.1,21,0,8071.0
25.0,61.1,22,0,7535.0
37.3,50.6,23,1,6717.0
14.2,49.1,0,0,6286.0
18.1,53.9,1,0,5948.0
36.0,49.3,2,1,5214.0
33.2,70.3,3,0,6274.0
22.1,49.0,4,0,5649.0
31.8,46.5,5,0,6636.0
27.7,86.5,6,0,6579.0
37.0,74.4,7,0,8104.0
25.6,32.1,8,0,7170.0
33.2,48.5,9,0,8788.0
46.1,63.6,10,0,11744.0
29.8,64.9,11,0,9276.0
25.4,37.6,12,0,9874.0
30.8,77.4,13,0,10763.0
22.1,72.4,14,0,10246.0
44.1,67.2,15,0,12675.0
26.4,80.4,16,0,10433.0
22.8,66.8,17,0,10149.0
18.3,66.7,18,0,9836.0
33.8,83.4,19,0,10481.0
31.9,76.5,20,0,9245.0
21.0,47.4,21,0,7762.0
29.6,69.5,22,0,7634.0
12.9,50.0,23,0,6848.0
26.5,67.6,0,0,6556.0
28.6,67.1,1,0,5975.0
38.7,39.2,2,0,7199.0
18.8,58.2,3,0,5326.0
14.8,64.0,4,0,5791.0
17.8,53.5,5,0,6591.0
14.3,64.7,6,0,6258.0
35.7,72.1,7,0,8044.0
37.4,59.5,8,0,8678.0
27.6,63.4,9,0,7744.0
34.8,80.8,10,0,9724.0
26.1,67.1,11,0,9206.0
24.2,63.0,12,0,9220.0
22.3,45.6,13,0,10400.0
22.5,70.1,14,0,10401.0
12.6,65.0,15,0,10415.0
27.1,79.3,16,0,10234.0
24.7,60.7,17,0,10160.0
31.0,32.8,18,0,10232.0
25.7,34.5,19,0,9280.0
23.7,71.0,20,0,8835.0
18.0,51.4,21,0,8259.0
25.6,66.6,22,0,7780.0
30.9,61.7,23,0,7069.0
15.9,57.5,0,0,6188.0
25.7,58.6,1,0,5994.0
26.9,47.0,2,0,5526.0
19.3,59.8,3,0,5476.0
20.3,51.2,4,0,5777.0
26.8,54.4,5,0,6102.0
15.9,55.1,6,1,5058.0
27.8,56.6,7,0,6761.0
17.8,73.8,8,0,7471.0
33.5,58.1,9,1,7374.0
43.7,75.4,10,1,9480.0
18.1,83.1,11,0,9037.0
29.3,72.8,12,0,9699.0
19.2,68.0,13,0,10212.0
33.3,64.9,14,0,10951.0
14.9,73.0,15,0,10045.0
28.8,61.3,16,0,10439.0
18.0,74.8,17,0,10370.0
23.3,69.2,18,0,9138.0
16.8,54.6,19,0,9142.0
31.6,73.4,20,0,9293.0
18.3,61.4,21,0,7635.0
29.4,58.4,22,0,7549.0
22.2,52.9,23,0,6572.0
24.1,62.5,0,0,6102.0
26.2,74.9,1,0,5841.0
18.9,73.3,2,0,5457.0
26.7,65.3,3,1,3859.0
37.2,69.0,4,0,7056.0
18.8,79.1,5,0,6367.0
34.4,57.8,6,0,7411.0
37.0,43.3,7,0,8350.0
18.5,79.5,8,0,7538.0
13.4,52.1,9,0,7860.0
27.4,49.6,10,0,8683.0
20.6,33.1,11,0,9420.0
39.9,68.6,12,0,11655.0
25.3,35.7,13,0,10117.0
18.6,48.7,14,0,10422.0
15.8,68.8,15,0,10893.0
33.7,70.8,16,0,11344.0
20.4,50.2,17,0,10015.0
25.4,58.0,18,1,8182.0
32.6,46.9,19,0,9686.0
21.1,51.8,20,0,9091.0
24.6,64.0,21,0,8321.0
24.9,52.5,22,0,7395.0
30.5,56.3,23,0,7606.0
29.7,38.0,0,0,6688.0
23.2,77.0,1,0,5835.0
25.5,67.7,2,0,5863.0
22.0,71.9,3,0,5680.0
13.2,79.4,4,0,5849.0
27.1,47.6,5,0,5648.0
40.1,54.6,6,0,7962.0
17.9,31.6,7,0,7098.0
18.8,100.0,8,0,7717.0
18.0,57.8,9,0,8283.0
30.8,75.6,10,0,9484.0
28.6,41.4,11,0,9404.0
23.7,74.9,12,0,9798.0
17.7,87.9,13,0,9896.0
25.7,59.1,14,0,10202.0
12.5,44.8,15,0,10002.0
26.1,57.9,16,0,10254.0
32.0,26.6,17,1,8763.0
15.0,59.4,18,0,9913.0
12.7,72.3,19,0,9278.0
37.6,59.5,20,0,9661.0
20.1,55.7,21,0,7962.0
34.1,67.9,22,0,8686.0
23.8,69.1,23,0,6775.0
23.7,35.1,0,0,6103.0
28.5,61.3,1,0,5641.0
17.9,96.5,2,0,5331.0
26.1,40.0,3,0,5707.0
21.9,58.7,4,0,5595.0
14.4,89.1,5,0,5851.0
27.7,76.6,6,0,6217.0
22.9,52.3,7,0,6772.0
23.7,63.1,8,0,7133.0
15.3,60.0,9,0,8063.0
37.7,48.8,10,0,9796.0
32.0,58.9,11,0,9651.0
32.7,55.8,12,0,10606.0
22.6,61.7,13,0,10154.0
11.2,48.8,14,0,10455.0
40.6,40.9,15,0,12724.0
24.5,59.4,16,0,10306.0
19.0,85.7,17,0,10083.0
28.3,61.2,18,0,9694.0
34.3,55.0,19,0,10062.0
24.8,71.3,20,0,8419.0
35.2,57.6,21,0,9101.0
33.7,88.0,22,0,8299.0
16.4,59.9,23,0,6882.0
19.6,70.5,0,0,6316.0
32.7,48.7,1,1,5306.0
3.3,67.5,2,0,5688.0
23.8,64.1,3,0,5518.0
13.6,59.2,4,0,5496.0
21.2,52.5,5,0,5612.0
22.6,50.4,6,0,6595.0
22.1,64.2,7,0,6660.0
20.6,69.4,8,0,7194.0
16.2,58.1,9,0,7916.0
43.3,64.3,10,0,10866.0
39.9,59.4,11,0,11319.0
15.7,61.5,12,0,9631.0
37.7,57.0,13,0,12054.0
21.8,60.3,14,0,10331.0
26.0,100.0,15,1,9311.0
24.5,64.7,16,0,10497.0
19.7,69.7,17,0,10151.0
32.9,66.6,18,0,10743.0
26.0,56.1,19,0,9424.0
21.2,79.4,20,0,8748.0
14.6,55.6,21,0,8464.0
17.9,75.8,22,0,7279.0
11.9,55.0,23,0,6601.0
25.1,45.6,0,0,6168.0
15.4,65.5,1,0,6272.0
22.9,43.4,2,0,5972.0
36.0,68.0,3,0,6689.0
34.6,42.1,4,0,6200.0
24.7,55.2,5,0,5880.0
24.3,38.5,6,0,6100.0
40.0,100.0,7,0,8507.0
29.2,35.2,8,0,7343.0
22.4,60.1,9,0,7678.0
13.6,77.1,10,0,8998.0
28.2,75.5,11,0,9086.0
31.6,72.8,12,0,10525.0
19.9,55.2,13,0,10034.0
27.3,80.3,14,0,10092.0
22.1,73.7,15,0,10502.0
23.5,63.2,16,0,10240.0
5.1,63.6,17,0,10037.0
23.2,55.4,18,0,9726.0
32.8,46.4,19,0,9751.0
19.9,78.6,20,0,8297.0
25.4,79.7,21,0,7990.0
19.0,46.7,22,0,7572.0
27.9,57.7,23,0,6620.0
23.3,57.8,0,0,6334.0
17.5,59.5,1,0,6223.0
35.7,61.0,2,0,6813.0
32.4,74.2,3,0,6282.0
20.2,48.8,4,0,5693.0
29.0,47.3,5,0,5932.0
29.3,78.5,6,0,6299.0
30.1,53.1,7,0,6923.0
11.4,41.1,8,0,7452.0
33.1,52.7,9,0,8910.0
20.4,55.0,10,0,8782.0
22.1,83.3,11,0,9124.0
46.1,73.9,12,0,12631.0
27.4,77.2,13,0,10140.0
21.9,72.3,14,0,10332.0
7.4,74.2,15,0,9732.0
36.1,49.7,16,0,11372.0
14.2,57.0,17,0,9774.0
17.0,45.2,18,1,8322.0
22.3,56.8,19,0,9219.0
36.3,70.3,20,0,9656.0
31.2,62.0,21,0,8539.0
23.7,79.7,22,0,7094.0
27.5,42.9,23,0,6591.0
20.2,67.5,0,0,6161.0
26.1,41.3,1,0,6030.0
25.6,61.4,2,0,5962.0
32.8,71.1,3,0,6195.0
32.7,56.8,4,0,6657.0
29.0,68.3,5,0,6074.0
22.1,45.6,6,0,6350.0
30.9,35.0,7,0,7227.0
24.3,68.4,8,0,7339.0
16.3,86.2,9,0,8088.0
21.8,45.1,10,0,8769.0
25.7,78.3,11,0,9023.0
32.3,60.7,12,0,10301.0
23.5,40.0,13,0,10412.0
15.3,43.0,14,0,10354.0
25.5,60.2,15,0,10457.0
25.9,53.9,16,0,10552.0
26.5,40.3,17,0,9978.0
32.4,34.6,18,0,10344.0
33.2,47.3,19,0,10136.0
20.2,62.9,20,0,8869.0
20.1,59.9,21,0,7527.0
16.7,52.5,22,0,7232.0
30.6,63.0,23,0,6989.0
36.6,75.6,0,0,7567.0
22.5,65.9,1,0,5737.0
23.1,58.2,2,0,5815.0
36.7,73.9,3,1,5445.0
29.0,45.6,4,0,6016.0
28.5,56.6,5,0,6186.0
15.5,57.0,6,0,6439.0
30.4,41.4,7,0,7097.0
17.6,53.7,8,0,7400.0
15.9,28.9,9,0,7908.0
22.2,88.7,10,0,8348.0
20.3,45.9,11,0,9391.0
23.2,83.8,12,0,9680.0
13.5,60.6,13,0,9778.0
32.7,68.5,14,0,11126.0
34.0,52.7,15,0,11258.0
9.4,63.1,16,0,9906.0
32.8,69.8,17,0,10528.0
18.5,70.0,18,0,9557.0
31.9,71.6,19,0,9820.0
24.5,54.5,20,0,8779.0
25.2,52.8,21,0,8151.0
23.5,36.1,22,0,7499.0
34.7,67.8,23,0,7798.0
15.1,76.2,0,0,6647.0
29.9,84.2,1,0,6341.0
33.8,64.6,2,0,6598.0
30.7,48.5,3,0,6123.0
43.6,34.5,4,0,7942.0
20.8,75.6,5,0,5910.0
32.7,33.1,6,0,6585.0
24.2,54.9,7,0,6723.0
34.9,56.6,8,0,8761.0
24.9,59.0,9,0,8030.0
21.9,60.5,10,0,8643.0
35.4,62.1,11,0,10517.0
21.1,23.8,12,0,9769.0
13.7,60.2,13,0,9921.0
20.9,26.6,14,0,10323.0
30.0,71.0,15,0,10466.0
36.1,51.7,16,0,11575.0
25.9,27.6,17,0,9911.0
35.5,47.8,18,0,11015.0
14.1,51.4,19,1,7598.0
21.5,77.9,20,0,8456.0
22.7,62.9,21,0,7977.0
24.1,65.2,22,0,7452.0
25.7,77.7,23,0,6559.0
30.5,58.6,0,0,6578.0
21.4,71.3,1,0,5943.0
26.1,70.3,2,0,5949.0
24.6,40.7,3,0,5094.0
17.6,82.1,4,0,5805.0
24.1,38.7,5,0,5845.0
23.9,73.8,6,0,6204.0
23.7,37.2,7,0,6664.0
25.3,69.0,8,0,7306.0
25.6,87.9,9,0,8124.0
21.5,56.8,10,0,8514.0
35.2,56.2,11,0,10609.0
15.6,69.2,12,0,9822.0
19.2,55.1,13,0,10118.0
47.2,87.3,14,0,13171.0
16.7,62.9,15,0,10638.0
14.2,55.2,16,0,10585.0
30.9,51.9,17,0,10278.0
8.4,46.0,18,0,9557.0
23.1,50.6,19,0,9327.0
42.2,54.7,20,0,10933.0
12.6,52.7,21,0,7940.0
9.1,50.1,22,0,7230.0
13.0,91.5,23,0,6816.0
32.2,44.5,0,0,7226.0
34.0,62.2,1,0,6829.0
20.9,68.9,2,0,5429.0
30.5,69.5,3,0,5992.0
36.1,59.1,4,0,7057.0
39.3,56.4,5,0,7596.0
23.0,66.8,6,0,6555.0
6.6,64.0,7,0,6973.0
18.4,56.1,8,0,7366.0
21.6,36.6,9,0,8009.0
22.9,53.0,10,0,8253.0
23.5,42.8,11,0,9442.0
34.0,50.0,12,0,10524.0
35.2,60.5,13,0,11078.0
23.6,65.4,14,0,10208.0
33.8,86.7,15,0,11360.0
27.9,51.9,16,0,10092.0
25.5,71.6,17,0,9882.0
32.3,64.6,18,0,10324.0
25.6,79.4,19,0,9075.0
41.5,68.6,20,0,10708.0
13.5,44.9,21,0,7882.0
20.9,34.2,22,0,7698.0
24.0,64.7,23,0,6939.0
28.5,52.1,0,0,6516.0
35.1,45.3,1,0,6872.0
24.8,41.0,2,0,6163.0
13.6,62.4,3,0,5512.0
31.7,82.6,4,0,6100.0
31.0,53.9,5,0,6519.0
9.5,68.9,6,0,6342.0
25.0,58.5,7,0,6636.0
12.3,40.7,8,0,7818.0
19.7,71.0,9,1,6695.0
17.8,43.6,10,0,8622.0
31.5,60.3,11,0,10201.0
25.9,54.9,12,0,9859.0
14.7,73.4,13,0,10076.0
32.0,44.1,14,0,11381.0
13.5,65.9,15,0,10532.0
27.6,47.4,16,1,8941.0
18.5,52.3,17,0,10001.0
22.1,20.0,18,0,9707.0
29.0,91.4,19,0,9273.0
29.2,68.3,20,0,9085.0
35.7,48.5,21,0,8832.0
24.3,43.1,22,0,7652.0
27.5,52.6,23,0,6625.0
21.5,70.8,0,0,6291.0
26.5,31.6,1,0,5862.0
28.5,57.9,2,0,5655.0
24.2,86.6,3,0,5738.0
10.6,43.0,4,0,5681.0
27.7,61.2,5,0,5788.0
27.9,93.0,6,0,6334.0
19.6,69.5,7,0,6661.0
14.7,61.9,8,0,7271.0
36.8,67.6,9,0,9022.0
28.9,54.0,10,0,8671.0
23.2,79.5,11,0,9299.0
15.9,54.0,12,0,9704.0
18.4,30.6,13,0,10441.0
35.4,54.1,14,0,11954.0
26.1,45.5,15,1,8807.0
20.6,55.8,16,1,8652.0
29.1,56.1,17,0,10466.0
18.5,78.0,18,0,9764.0
37.0,70.4,19,0,10778.0
35.8,63.9,20,0,9874.0
21.3,60.0,21,0,7961.0
20.0,44.1,22,0,7341.0
4.1,27.3,23,0,6887.0
13.1,61.7,0,0,6261.0
14.3,71.9,1,0,6165.0
26.1,58.4,2,0,5421.0
22.4,52.0,3,0,5843.0
14.2,67.0,4,0,5307.0
22.8,58.8,5,0,5951.0
29.0,85.3,6,0,6393.0
29.2,78.5,7,0,6680.0
9.8,74.4,8,0,6967.0
24.0,71.4,9,0,7780.0
13.9,40.6,10,0,8630.0
32.2,69.9,11,1,8212.0
31.3,65.6,12,0,9980.0
17.8,69.1,13,0,10349.0
18.9,67.4,14,0,10072.0
21.3,66.8,15,0,10536.0
7.0,100.0,16,0,10140.0
27.7,58.9,17,0,9854.0
22.8,74.0,18,0,9576.0
32.8,52.9,19,0,10038.0
16.2,71.9,20,0,8347.0
20.0,74.1,21,0,8057.0
12.9,65.5,22,0,7187.0
17.0,85.0,23,0,6644.0
15.5,46.7,0,0,6383.0
33.0,52.7,1,0,7101.0
19.4,63.2,2,0,5500.0
26.0,73.2,3,0,5744.0
22.0,62.7,4,0,5619.0
14.8,79.3,5,0,5827.0
23.7,50.1,6,0,6517.0
29.8,42.9,7,0,6900.0
15.3,64.6,8,0,7148.0
31.5,58.8,9,0,8613.0
18.2,68.1,10,0,8940.0
21.1,59.6,11,0,9350.0
29.2,54.9,12,0,9602.0
19.7,58.9,13,0,9955.0
25.3,60.4,14,0,10514.0
22.5,55.4,15,0,10716.0
26.0,57.0,16,0,10364.0
6.0,53.9,17,0,9963.0
10.4,72.8,18,0,10026.0
29.9,62.9,19,0,9474.0
33.3,93.9,20,0,9295.0
17.7,62.4,21,0,7845.0
23.0,51.7,22,1,5640.0
27.4,100.0,23,0,7367.0
30.5,66.2,0,0,6969.0
8.8,74.9,1,0,5790.0
17.9,68.9,2,0,6028.0
22.3,69.3,3,0,5707.0
30.6,68.0,4,0,6170.0
45.0,43.5,5,0,8326.0
23.2,65.5,6,0,6200.0
13.7,40.1,7,0,6792.0
28.2,57.4,8,0,7018.0
35.6,49.1,9,0,9038.0
25.9,65.4,10,0,8622.0
17.7,65.0,11,0,9462.0
32.7,67.2,12,0,10273.0
30.3,64.3,13,0,10587.0
16.8,50.9,14,0,9906.0
28.1,56.1,15,0,10641.0
33.0,73.8,16,0,10885.0
34.5,76.0,17,0,11073.0
24.5,42.8,18,0,9778.0
22.1,37.0,19,0,9242.0
34.8,49.1,20,0,9623.0
15.3,75.7,21,0,7752.0
28.5,78.2,22,0,7277.0
14.0,46.1,23,0,6999.0
33.5,64.6,0,0,7012.0
22.9,87.5,1,0,5901.0
35.1,66.2,2,0,6456.0
28.9,81.3,3,0,5911.0
15.2,75.0,4,0,5418.0
36.4,46.3,5,0,7364.0
37.4,57.2,6,0,7502.0
32.1,60.5,7,0,7612.0
18.9,61.6,8,0,7381.0
22.6,73.7,9,0,7888.0
26.2,66.1,10,0,8941.0
19.4,20.0,11,0,9186.0
38.5,40.3,12,0,11206.0
26.2,27.2,13,0,10260.0
3.4,62.6,14,0,10022.0
27.7,63.6,15,0,9895.0
22.2,64.2,16,0,10550.0
24.4,45.6,17,0,9911.0
22.1,70.1,18,0,9870.0
31.5,70.7,19,1,8228.0
34.0,41.2,20,0,9282.0
27.3,38.0,21,0,8121.0
22.3,60.0,22,0,7297.0
24.7,86.9,23,0,6585.0
25.2,85.5,0,0,6093.0
18.6,68.5,1,0,5575.0
29.6,49.1,2,0,6007.0
28.7,73.3,3,0,5515.0
37.3,53.2,4,0,7073.0
35.0,48.5,5,0,6942.0
19.5,27.8,6,1,4615.0
31.6,61.5,7,1,5530.0
17.4,50.6,8,0,7886.0
30.6,61.4,9,0,8375.0
20.9,25.5,10,0,8986.0
16.8,62.5,11,0,9433.0
27.2,23.5,12,0,9633.0
3.6,76.3,13,0,10115.0
11.0,67.8,14,0,10349.0
23.6,55.8,15,0,10769.0
25.7,68.4,16,0,10484.0
22.0,45.3,17,0,9917.0
12.4,61.1,18,0,9767.0
18.5,71.9,19,0,9361.0
28.1,20.0,20,0,8406.0
29.7,53.3,21,0,8347.0
24.9,59.7,22,0,7648.0
34.3,57.1,23,0,7567.0
28.2,81.9,0,0,6186.0
19.0,43.1,1,0,6154.0
22.8,50.7,2,0,5611.0
13.8,31.3,3,0,5404.0
24.1,82.7,4,0,5858.0
33.9,56.3,5,0,6921.0
30.5,53.4,6,0,6694.0
36.2,59.2,7,0,8257.0
22.6,69.5,8,0,7618.0
35.8,65.2,9,0,9149.0
23.5,99.7,10,0,9016.0
36.8,66.8,11,0,10833.0
24.8,53.0,12,0,9300.0
30.7,51.6,13,0,10271.0
36.8,54.1,14,0,11187.0
23.5,37.5,15,0,10335.0
26.7,60.6,16,0,10076.0
35.3,71.8,17,0,11012.0
23.9,50.8,18,0,9915.0
14.4,47.9,19,0,8849.0
42.1,82.7,20,0,10769.0
21.2,38.6,21,0,8025.0
26.3,29.0,22,0,7362.0
34.2,42.7,23,0,7763.0
20.1,36.9,0,0,5856.0
16.9,65.8,1,0,5760.0
27.0,54.6,2,0,5990.0
10.7,56.7,3,0,5361.0
22.7,77.3,4,0,6015.0
27.0,49.6,5,0,5640.0
22.8,71.6,6,0,5998.0
12.7,82.7,7,0,6610.0
37.8,53.2,8,0,9068.0
25.8,71.1,9,0,7891.0
36.4,56.4,10,0,9958.0
22.9,73.9,11,0,9215.0
18.0,36.4,12,0,9686.0
27.2,35.3,13,0,10333.0
23.3,54.1,14,0,10473.0
15.6,46.7,15,0,10171.0
36.8,52.2,16,0,11577.0
20.0,56.7,17,0,10427.0
10.3,70.8,18,0,9761.0
35.6,53.9,19,1,8542.0
21.0,47.6,20,0,8334.0
20.1,54.7,21,0,8178.0
10.9,48.5,22,0,7519.0
38.9,46.0,23,0,8255.0
14.7,35.8,0,0,6452.0
25.5,61.0,1,0,6241.0
32.3,51.5,2,0,6618.0
28.4,74.5,3,0,5977.0
24.5,38.3,4,0,5793.0
11.4,51.9,5,0,5886.0
18.5,87.2,6,0,6222.0
26.5,45.9,7,0,6797.0
18.7,56.5,8,0,7204.0
26.6,41.8,9,0,7928.0
30.5,39.8,10,0,9244.0
32.7,83.2,11,0,9583.0
15.2,62.6,12,0,9389.0
42.6,62.0,13,0,12431.0
31.1,34.6,14,0,10719.0
25.0,65.4,15,0,10015.0
33.7,77.4,16,0,11163.0
43.9,77.2,17,0,12426.0
13.5,70.0,18,0,9611.0
23.2,43.1,19,0,9337.0
6.0,64.7,20,0,8355.0
26.5,70.0,21,0,8003.0
27.9,33.1,22,0,7337.0
24.7,43.2,23,0,6808.0
19.8,73.3,0,0,5957.0
8.6,73.1,1,0,5817.0
28.0,36.8,2,0,5686.0
36.6,71.9,3,0,7005.0
20.3,61.4,4,0,6051.0
28.5,71.7,5,0,6161.0
12.5,50.5,6,0,6395.0
28.7,69.7,7,0,7153.0
21.9,72.7,8,1,5818.0
18.9,54.7,9,0,8311.0
18.9,60.3,10,0,8845.0
21.9,50.3,11,0,9111.0
28.1,84.8,12,0,10091.0
14.5,58.2,13,0,10168.0
21.8,46.2,14,0,10757.0
24.7,49.3,15,0,10461.0
16.2,61.9,16,0,10206.0
39.4,71.3,17,0,11631.0
18.2,40.0,18,0,9626.0
19.6,87.7,19,0,9086.0
17.2,64.6,20,0,8875.0
39.4,67.0,21,0,9702.0
29.4,58.5,22,0,7270.0
17.5,60.3,23,0,6843.0
33.8,57.8,0,0,7206.0
26.6,75.3,1,0,5828.0
27.1,59.9,2,0,5735.0
22.2,71.5,3,0,5591.0
19.0,53.5,4,0,5809.0
27.7,62.9,5,0,6037.0
20.6,47.9,6,0,6376.0
39.5,78.2,7,0,8270.0
14.8,47.5,8,0,7803.0
37.3,55.1,9,0,9082.0
24.1,55.3,10,0,8595.0
27.4,54.7,11,0,8981.0
31.7,70.8,12,0,10326.0
20.0,55.3,13,0,10106.0
31.9,80.9,14,0,10872.0
3.3,47.7,15,0,10704.0
19.2,62.5,16,0,10540.0
17.6,48.4,17,0,10013.0
15.0,66.3,18,0,9858.0
23.3,59.8,19,0,9513.0
28.1,57.7,20,0,8854.0
30.6,77.8,21,0,8366.0
26.9,50.2,22,0,7061.0
19.7,68.8,23,0,6865.0
28.0,48.5,0,0,6437.0
26.0,61.7,1,0,5768.0
32.5,42.1,2,0,6360.0
31.2,50.1,3,0,6066.0
25.2,58.8,4,0,5959.0
17.8,87.2,5,0,6292.0
19.8,61.5,6,0,6538.0
20.6,84.8,7,0,6783.0
22.5,63.3,8,0,7608.0
27.1,54.2,9,0,8130.0
30.7,83.1,10,0,9014.0
24.6,66.6,11,0,9618.0
25.1,50.4,12,0,9549.0
26.1,67.1,13,0,10199.0
20.9,55.6,14,0,10486.0
17.6,30.2,15,0,10343.0
11.0,74.0,16,0,10430.0
19.4,76.4,17,0,10268.0
28.8,87.6,18,0,9864.0
19.4,66.3,19,0,9294.0
23.1,56.3,20,0,8642.0
28.7,72.5,21,1,6769.0
29.2,72.7,22,0,7508.0
16.4,84.6,23,0,6738.0
33.0,59.3,0,0,7054.0
34.0,57.5,1,0,7061.0
16.0,49.3,2,0,5332.0
18.4,68.1,3,0,5418.0
34.5,36.8,4,0,7116.0
23.8,71.6,5,0,5977.0
7.2,68.8,6,0,6222.0
13.8,68.8,7,0,6959.0
23.0,62.1,8,0,7222.0
15.7,83.0,9,0,7579.0
21.7,73.1,10,0,8692.0
25.3,50.9,11,0,9054.0
36.7,51.2,12,0,11022.0
22.7,46.8,13,0,10144.0
33.6,68.3,14,0,11184.0
36.4,45.0,15,0,11323.0
36.5,76.3,16,1,10095.0
27.3,79.8,17,0,10167.0
9.3,46.8,18,0,9417.0
28.7,57.2,19,0,8999.0
33.4,60.2,20,0,9215.0
24.4,73.3,21,1,6649.0
39.0,84.1,22,0,8623.0
31.9,34.7,23,0,7548.0
29.5,55.2,0,0,6613.0
33.7,56.0,1,0,6724.0
27.7,39.0,2,0,5386.0
5.1,52.7,3,0,5441.0
21.0,66.4,4,0,5838.0
34.6,55.8,5,0,7159.0
18.5,36.8,6,0,6097.0
23.2,100.0,7,0,7028.0
16.6,64.0,8,0,7516.0
39.3,61.7,9,0,9689.0
38.5,43.5,10,0,10041.0
17.9,63.9,11,0,9084.0
26.2,57.5,12,0,10062.0
19.6,31.7,13,0,10114.0
29.9,43.9,14,0,10872.0
29.1,71.9,15,0,10610.0
31.5,89.2,16,1,9252.0
27.7,65.5,17,0,10195.0
48.5,76.5,18,0,13201.0
16.8,57.7,19,0,9071.0
11.3,58.7,20,0,8804.0
21.9,76.4,21,0,8038.0
12.5,84.9,22,0,7089.0
13.1,79.5,23,0,6506.0
17.0,44.0,0,0,6213.0
17.6,59.0,1,0,5991.0
17.4,64.2,2,0,5857.0
29.1,56.1,3,0,5458.0
21.0,65.8,4,0,5812.0
23.6,72.3,5,0,5898.0
32.2,75.0,6,0,6927.0
18.9,85.3,7,0,6918.0
22.9,55.1,8,0,7728.0
27.9,39.5,9,0,8061.0
9.5,65.4,10,0,8350.0
5.9,88.3,11,0,9163.0
27.8,52.8,12,0,9867.0
28.9,70.3,13,0,10396.0
41.5,70.4,14,0,12478.0
26.3,62.9,15,0,10298.0
31.6,60.1,16,0,10578.0
23.4,46.1,17,0,10196.0
27.4,25.8,18,0,9454.0
38.3,43.3,19,0,10889.0
8.0,54.1,20,0,8760.0
28.3,76.5,21,0,7953.0
42.1,58.5,22,0,9469.0
27.3,52.2,23,0,6840.0
38.2,46.6,0,0,7711.0
20.0,69.9,1,1,4145.0
24.7,80.4,2,0,5674.0
25.3,76.0,3,0,5613.0
7.3,69.1,4,0,5954.0
15.7,37.9,5,0,5765.0
16.2,54.7,6,0,6517.0
31.6,89.2,7,0,7107.0
32.0,76.8,8,0,7706.0
27.6,36.9,9,0,7940.0
31.6,59.2,10,0,8972.0
23.7,65.4,11,0,8928.0
34.6,48.6,12,0,11078.0
25.1,25.4,13,0,9988.0
25.5,61.5,14,0,10780.0
22.9,48.2,15,0,10201.0
30.5,48.2,16,0,10348.0
21.6,54.7,17,0,10337.0
32.8,58.0,18,0,10273.0
15.9,59.9,19,0,9228.0
16.2,46.7,20,0,8350.0
30.5,56.7,21,0,8367.0
24.3,33.6,22,0,7105.0
21.4,64.7,23,0,6785.0
32.1,20.0,0,0,6826.0
20.1,55.7,1,0,5968.0
23.4,73.8,2,0,5807.0
36.2,44.1,3,0,6877.0
37.3,70.7,4,0,7169.0
37.6,77.3,5,0,7337.0
22.7,20.0,6,0,6216.0
34.8,57.7,7,0,7921.0
17.4,20.0,8,0,7357.0
17.7,58.2,9,0,7985.0
6.2,59.9,10,0,8701.0
38.4,22.8,11,0,10551.0
18.1,88.9,12,0,9983.0
24.0,64.3,13,1,8529.0
17.7,47.3,14,0,10343.0
30.6,82.0,15,0,10775.0
22.0,33.1,16,0,10449.0
14.6,41.6,17,0,10146.0
28.5,25.5,18,0,9767.0
13.5,87.0,19,0,9490.0
18.3,65.0,20,0,7980.0
8.1,69.9,21,0,8249.0
13.6,64.5,22,0,7563.0
26.4,68.6,23,0,6433.0
9.3,61.2,0,0,6489.0
13.2,64.1,1,0,6133.0
25.0,61.6,2,0,5794.0
20.7,50.9,3,0,5288.0
40.9,59.3,4,0,7759.0
39.7,64.1,5,0,7874.0
18.1,61.7,6,0,6189.0
29.5,37.8,7,0,7107.0
31.0,39.8,8,0,7757.0
20.2,76.2,9,0,8177.0
13.0,55.4,10,0,8558.0
24.9,68.8,11,0,9084.0
23.6,43.6,12,0,9689.0
21.5,37.9,13,0,9810.0
28.5,47.3,14,0,10371.0
19.0,56.7,15,0,10472.0
15.8,50.0,16,0,10492.0
25.9,79.4,17,0,10128.0
28.1,62.7,18,0,9424.0
15.6,87.7,19,0,9470.0
32.4,66.1,20,0,9572.0
10.8,23.8,21,0,8023.0
20.4,75.8,22,0,7228.0
22.9,37.4,23,0,6694.0
19.9,63.5,0,0,6262.0
20.5,48.4,1,0,5977.0
40.0,92.1,2,0,7416.0
18.2,81.6,3,0,5428.0
44.5,48.9,4,0,8366.0
28.5,58.1,5,0,6048.0
25.7,63.7,6,0,6092.0
28.8,73.0,7,0,6980.0
45.2,60.4,8,0,9997.0
17.1,44.6,9,0,7856.0
16.0,49.2,10,0,8860.0
19.0,59.9,11,0,9227.0
25.3,78.5,12,0,9654.0
11.2,66.4,13,0,10062.0
25.2,48.4,14,0,10407.0
38.5,69.7,15,0,11968.0
26.2,54.2,16,0,10302.0
22.7,73.4,17,1,8792.0
20.1,97.9,18,0,9413.0
32.2,54.6,19,0,9578.0
18.4,72.0,20,0,8777.0
39.8,48.8,21,0,10249.0
40.5,58.3,22,0,9424.0
27.1,60.4,23,0,7173.0
24.9,57.1,0,0,6216.0
33.2,96.9,1,0,6581.0
33.8,55.4,2,0,6637.0
18.6,68.8,3,0,5791.0
20.8,31.0,4,0,5419.0
14.4,66.5,5,0,5879.0
28.3,77.1,6,0,6338.0
30.3,52.1,7,1,5514.0
14.2,22.3,8,0,7266.0
21.4,59.4,9,0,8169.0
14.2,60.3,10,0,8715.0
17.8,70.9,11,0,9360.0
29.4,90.2,12,0,9976.0
19.1,54.3,13,0,9904.0
22.6,47.2,14,0,10403.0
12.0,42.5,15,0,10210.0
26.5,63.0,16,0,10256.0
24.6,67.2,17,0,9871.0
19.2,51.8,18,0,9575.0
23.5,71.7,19,0,9218.0
26.4,67.0,20,0,8530.0
18.5,60.6,21,0,7823.0
13.2,46.5,22,0,7606.0
39.4,52.8,23,0,8493.0
19.9,23.6,0,0,6197.0
24.2,63.5,1,0,5705.0
33.1,60.4,2,0,6070.0
53.2,62.8,3,0,9340.0
15.0,67.6,4,0,5406.0
28.6,65.8,5,0,6154.0
19.3,58.3,6,0,6309.0
20.7,60.7,7,0,7112.0
19.2,38.9,8,0,7423.0
16.0,51.2,9,0,7855.0
24.7,60.8,10,0,8245.0
13.2,49.0,11,0,9361.0
32.6,72.9,12,0,10123.0
25.4,50.1,13,0,9997.0
28.4,63.2,14,0,10710.0
21.3,61.7,15,0,10522.0
22.1,71.2,16,0,10396.0
27.3,73.5,17,0,10267.0
15.7,70.4,18,0,9878.0
22.1,28.4,19,0,9516.0
18.1,77.9,20,0,8501.0
17.9,82.9,21,0,7925.0
8.1,52.8,22,0,7194.0
35.7,63.5,23,0,7951.0
19.5,46.6,0,0,6276.0
34.3,30.8,1,0,6517.0
33.6,48.9,2,0,6384.0
14.7,51.9,3,0,5888.0
16.3,54.7,4,0,5731.0
45.5,45.6,5,0,8687.0
39.0,49.0,6,0,7930.0
24.7,59.8,7,0,6423.0
27.1,48.4,8,0,7353.0
20.0,68.2,9,0,8208.0
28.5,70.2,10,0,8453.0
19.3,95.7,11,0,9349.0
8.7,76.9,12,0,9357.0
14.4,63.6,13,0,10082.0
25.2,50.7,14,0,10427.0
16.0,64.4,15,0,10338.0
24.5,64.9,16,0,10813.0
16.4,52.3,17,0,9980.0
18.7,71.8,18,0,9581.0
31.8,39.0,19,0,9815.0
27.0,56.3,20,0,8470.0
24.9,68.3,21,0,7712.0
32.0,55.7,22,0,7764.0
28.8,56.9,23,0,7078.0
36.6,57.9,0,0,7528.0
21.3,47.5,1,0,6262.0
21.6,77.6,2,0,5594.0
14.6,44.7,3,1,4242.0
21.6,64.8,4,0,5784.0
32.7,66.2,5,0,6538.0
35.4,45.8,6,0,7237.0
32.7,61.1,7,0,7156.0
10.6,46.4,8,0,7489.0
33.7,80.9,9,0,9089.0
10.3,42.9,10,0,8303.0
32.2,50.2,11,0,9754.0
22.1,41.6,12,0,9564.0
30.6,39.6,13,0,10582.0
14.3,83.9,14,0,10252.0
34.4,68.1,15,0,11620.0
13.3,62.1,16,0,10241.0
19.7,50.2,17,0,9831.0
17.0,73.6,18,0,9603.0
11.0,47.6,19,0,9128.0
25.8,71.9,20,0,8726.0
39.4,46.9,21,0,9643.0
46.3,50.3,22,0,10217.0
25.8,71.4,23,0,6642.0
33.9,73.0,0,0,7134.0
26.9,69.0,1,0,5765.0
29.0,44.3,2,0,5661.0
22.3,53.3,3,0,5855.0
26.6,62.4,4,0,5539.0
29.3,47.3,5,0,6047.0
20.4,80.6,6,0,6512.0
24.4,24.0,7,0,6950.0
24.5,48.3,8,0,7707.0
31.6,52.4,9,0,8638.0
16.5,20.0,10,0,8501.0
24.6,39.1,11,0,9611.0
40.3,69.4,12,0,11658.0
34.3,60.5,13,0,10994.0
35.8,83.6,14,0,11499.0
25.2,83.2,15,0,10436.0
27.6,66.5,16,0,10271.0
33.0,64.7,17,0,10556.0
37.5,61.0,18,0,11445.0
9.4,20.2,19,0,9196.0
14.5,39.1,20,0,8658.0
35.5,61.5,21,1,8037.0
22.8,69.2,22,0,7242.0
19.6,64.3,23,0,6931.0
15.0,46.6,0,0,6144.0
20.6,74.1,1,0,5986.0
13.8,82.2,2,0,5722.0
41.7,74.1,3,0,7817.0
24.8,74.8,4,0,5923.0
24.5,51.6,5,0,5806.0
29.7,76.1,6,0,6842.0
32.7,62.2,7,0,7802.0
32.6,67.7,8,0,8014.0
33.6,65.5,9,0,8837.0
20.0,58.2,10,0,8522.0
22.6,47.1,11,0,9139.0
31.2,58.8,12,0,9929.0
20.8,74.8,13,0,10234.0
25.0,53.4,14,0,9908.0
28.2,73.4,15,0,10289.0
31.3,71.1,16,0,10801.0
10.8,55.5,17,0,10338.0
30.7,80.8,18,0,9996.0
23.1,54.7,19,0,9286.0
30.7,82.6,20,0,9004.0
31.2,66.5,21,0,8671.0
37.9,59.8,22,0,8933.0
35.8,46.7,23,0,8140.0
35.8,58.7,0,0,7359.0
36.5,56.9,1,0,7001.0
27.3,41.1,2,0,5755.0
25.3,56.7,3,0,5502.0
32.0,47.9,4,0,6285.0
30.9,68.8,5,0,6413.0
22.5,79.6,6,0,6551.0
28.2,41.6,7,0,6993.0
24.7,85.7,8,0,7243.0
18.2,58.1,9,0,7771.0
35.3,45.4,10,0,10061.0
25.4,71.4,11,1,7383.0
41.4,53.3,12,0,11615.0
12.0,58.8,13,0,10208.0
20.5,53.9,14,0,10646.0
25.3,47.7,15,0,10362.0
34.1,70.9,16,0,11239.0
28.2,55.7,17,0,9933.0
27.5,38.5,18,0,9722.0
16.0,68.3,19,0,8970.0
15.7,41.9,20,0,8471.0
27.6,42.7,21,0,8153.0
14.1,77.9,22,0,7292.0
20.7,42.1,23,0,6983.0
29.0,25.3,0,0,6423.0
17.1,69.3,1,0,5648.0
37.8,55.4,2,0,7392.0
34.8,56.7,3,0,6356.0
12.4,55.3,4,0,5561.0
17.5,63.5,5,0,5882.0
6.7,48.7,6,0,6504.0
18.7,82.1,7,0,6695.0
31.1,37.9,8,0,7663.0
21.7,66.7,9,0,8033.0
28.7,69.6,10,0,8681.0
12.8,48.6,11,0,9107.0
31.4,44.6,12,0,10248.0
20.6,75.3,13,0,9838.0
25.1,45.1,14,0,9974.0
24.3,50.9,15,0,10828.0
14.8,73.3,16,0,10339.0
15.8,60.5,17,1,8613.0
32.7,33.0,18,0,10252.0
28.2,86.2,19,0,9408.0
33.4,52.0,20,0,9325.0
27.6,54.0,21,0,7443.0
26.1,63.8,22,0,7265.0
11.2,69.4,23,0,6744.0
22.8,89.4,0,0,6269.0
24.8,35.1,1,0,5882.0
40.6,72.4,2,0,7447.0
30.5,71.1,3,0,5826.0
37.3,57.9,4,0,7015.0
29.8,71.8,5,0,5859.0
19.3,74.0,6,0,5911.0
25.9,39.3,7,0,6820.0
26.9,86.2,8,0,7402.0
17.5,36.6,9,0,8176.0
21.9,43.0,10,0,8570.0
23.4,56.1,11,0,8961.0
37.8,88.9,12,0,10786.0
8.4,55.4,13,0,9900.0
34.6,59.5,14,0,11400.0
17.5,81.5,15,0,10688.0
14.0,55.5,16,0,10329.0
34.4,42.3,17,0,10802.0
30.9,53.7,18,0,9949.0
35.0,80.6,19,0,10086.0
31.4,61.1,20,0,9051.0
41.5,89.0,21,0,10246.0
29.5,71.1,22,0,7839.0
23.7,50.3,23,0,6766.0
27.7,60.8,0,0,6340.0
34.9,47.2,1,0,6804.0
18.8,50.0,2,0,5340.0
19.8,100.0,3,0,5958.0
22.5,75.3,4,0,5217.0
8.2,72.9,5,0,5554.0
26.1,50.7,6,0,6662.0
9.9,83.5,7,0,6803.0
25.4,76.5,8,0,7154.0
31.9,88.2,9,1,7225.0
21.2,87.5,10,0,8776.0
38.4,37.8,11,0,10496.0
13.3,43.4,12,0,9590.0
34.5,44.9,13,0,11233.0
30.4,45.8,14,0,10515.0
11.3,64.9,15,0,10456.0
46.7,51.5,16,0,13406.0
24.5,91.1,17,0,9600.0
18.0,88.6,18,0,9629.0
13.7,59.9,19,0,9252.0
23.2,89.3,20,0,8263.0
24.0,82.3,21,0,7894.0
25.8,53.2,22,0,7588.0
22.6,29.9,23,0,6659.0
30.1,56.7,0,0,6316.0
21.9,50.3,1,0,6148.0
9.5,63.1,2,0,5771.0
23.8,61.3,3,0,5586.0
6.1,60.9,4,0,5662.0
27.8,67.9,5,0,6127.0
17.2,41.8,6,0,6362.0
26.3,66.2,7,0,6929.0
35.5,53.4,8,0,8367.0
17.4,63.0,9,0,7617.0
33.5,74.4,10,0,9569.0
21.5,41.6,11,0,9420.0
39.0,55.8,12,0,11306.0
22.1,58.2,13,0,10256.0
18.3,52.3,14,0,10251.0
30.5,73.5,15,0,10757.0
21.5,49.2,16,0,10669.0
18.3,51.7,17,0,10020.0
21.2,49.4,18,0,9627.0
24.6,76.4,19,0,8826.0
35.7,52.6,20,0,9920.0
9.5,66.9,21,0,7858.0
25.2,89.6,22,0,7408.0
30.0,58.9,23,0,7037.0
26.5,76.7,0,0,6214.0
35.5,85.1,1,1,5520.0
24.4,75.4,2,0,5674.0
23.5,59.7,3,0,5835.0
29.7,69.6,4,0,6247.0
25.8,40.7,5,1,4552.0
21.9,48.3,6,0,6557.0
29.1,50.9,7,0,7140.0
19.8,93.6,8,0,7478.0
20.1,47.8,9,0,8291.0
20.8,47.6,10,0,8359.0
35.8,44.3,11,0,10237.0
-0.8,68.4,12,0,9533.0
28.2,62.1,13,0,10043.0
25.3,76.3,14,0,10455.0
11.6,70.1,15,0,10177.0
27.5,39.3,16,0,10419.0
28.8,47.9,17,0,10082.0
29.7,80.5,18,0,9885.0
3.8,57.0,19,0,9240.0
35.9,77.8,20,0,10147.0
19.1,57.8,21,0,7858.0
30.5,45.5,22,0,7737.0
30.9,55.5,23,0,7024.0
18.0,45.5,0,0,6159.0
30.3,51.5,1,0,6047.0
21.9,63.0,2,0,5731.0
8.4,67.7,3,0,5685.0
34.3,36.1,4,0,6770.0
18.8,59.7,5,1,4271.0
18.2,51.2,6,0,6405.0
21.8,50.3,7,0,6823.0
27.2,62.0,8,0,7367.0
24.5,51.7,9,0,7752.0
29.4,80.7,10,0,8859.0
14.3,77.8,11,0,9237.0
19.1,77.7,12,0,9717.0
24.1,52.6,13,0,10158.0
40.2,45.6,14,0,12285.0
24.1,61.2,15,0,10180.0
33.7,57.7,16,0,11127.0
25.3,50.9,17,0,10182.0
21.1,42.4,18,0,9643.0
23.0,59.4,19,0,9392.0
23.7,53.9,20,0,8639.0
29.8,70.3,21,0,7883.0
36.0,70.0,22,0,8746.0
27.9,76.5,23,0,6777.0
34.5,41.1,0,0,6923.0
17.3,66.0,1,0,5871.0
21.7,49.1,2,0,5428.0
19.2,41.7,3,0,5751.0
27.5,53.6,4,0,5675.0
22.1,76.0,5,0,5737.0
30.8,54.4,6,0,6891.0
17.6,83.5,7,0,6892.0
25.3,68.2,8,0,7332.0
30.5,54.1,9,0,8125.0
8.5,77.4,10,0,8453.0
42.0,66.7,11,0,11124.0
22.7,46.0,12,0,9846.0
8.8,87.9,13,0,9742.0
26.3,63.9,14,0,10309.0
25.3,60.3,15,0,10350.0
24.3,47.2,16,0,10525.0
32.9,77.7,17,0,10864.0
31.0,67.8,18,0,10251.0
27.4,69.4,19,0,9095.0
28.6,52.4,20,0,8465.0
24.2,72.5,21,0,7935.0
39.2,73.7,22,0,9215.0
13.2,50.0,23,0,6955.0
26.1,38.7,0,0,6217.0
25.5,68.7,1,0,5749.0
31.5,36.4,2,0,5996.0
18.2,62.3,3,0,5573.0
11.1,53.3,4,0,5709.0
26.3,78.3,5,0,6216.0
27.2,54.1,6,0,6328.0
36.9,76.6,7,0,8260.0
14.8,52.3,8,0,7223.0
34.2,75.0,9,0,8944.0
43.9,90.9,10,0,11040.0
22.0,44.0,11,0,9172.0
14.7,64.4,12,0,9693.0
21.7,100.0,13,0,10104.0
25.1,61.0,14,0,10414.0
29.5,60.9,15,0,10860.0
20.3,71.8,16,0,9865.0
37.4,60.6,17,0,11717.0
16.1,34.4,18,0,9355.0
11.1,77.0,19,0,9262.0
33.9,30.0,20,0,9970.0
6.8,53.7,21,0,7991.0
23.4,78.1,22,0,7415.0
49.9,54.7,23,0,10029.0
24.9,49.6,0,0,6436.0
16.0,73.2,1,0,5994.0
24.5,47.2,2,0,5547.0
24.6,41.7,3,0,5577.0
26.3,64.1,4,0,5458.0
30.3,57.3,5,0,6242.0
16.7,41.3,6,0,6219.0
38.5,69.6,7,0,8402.0
27.0,67.0,8,0,7237.0
30.8,54.6,9,0,8379.0
20.0,55.6,10,1,7123.0
35.3,67.1,11,0,10309.0
22.9,77.9,12,0,9752.0
27.2,55.8,13,0,10044.0
17.5,69.8,14,0,10161.0
17.0,68.5,15,0,10416.0
30.5,73.2,16,0,10658.0
21.5,60.6,17,0,10283.0
18.2,46.3,18,0,9927.0
19.9,53.1,19,0,8926.0
30.6,65.1,20,0,9133.0
20.0,87.3,21,0,8164.0
24.1,52.7,22,0,7110.0
25.1,72.1,23,0,6916.0
9.7,55.1,0,0,6482.0
13.2,61.7,1,0,5732.0
27.7,82.7,2,0,5635.0
19.1,71.5,3,0,5637.0
33.5,41.4,4,1,5114.0
32.7,51.4,5,0,6434.0
30.8,78.8,6,0,6947.0
39.6,62.1,7,0,8128.0
24.3,42.8,8,0,7644.0
30.2,47.7,9,0,8439.0
20.3,70.6,10,0,8497.0
44.6,74.9,11,0,11866.0
40.9,60.3,12,0,11418.0
25.1,97.1,13,0,10101.0
28.1,72.4,14,0,10380.0
35.9,56.3,15,0,11628.0
23.8,47.8,16,0,10150.0
19.7,45.4,17,0,9979.0
32.0,65.0,18,0,10321.0
25.6,52.7,19,0,9055.0
26.5,85.1,20,0,8675.0
18.3,82.0,21,0,7877.0
11.3,69.5,22,0,7579.0
26.9,42.3,23,0,7113.0
32.2,49.9,0,0,6879.0
23.2,78.8,1,0,6106.0
36.5,51.6,2,0,6913.0
19.4,76.8,3,0,5413.0
16.6,67.1,4,0,5597.0
24.5,60.8,5,0,5939.0
24.3,49.5,6,0,5946.0
31.2,58.6,7,1,5899.0
18.8,62.8,8,0,7396.0
35.9,75.5,9,0,9392.0
40.7,46.7,10,0,10653.0
24.7,56.1,11,0,9224.0
35.0,60.7,12,0,10676.0
16.5,69.9,13,0,10383.0
33.6,46.4,14,0,11592.0
33.4,40.3,15,0,11139.0
31.9,70.1,16,0,11113.0
24.9,37.2,17,0,9937.0
1.4,79.3,18,0,9580.0
19.9,57.7,19,0,9123.0
20.0,36.8,20,0,8758.0
17.2,52.8,21,0,7785.0
26.0,65.7,22,0,7689.0
21.6,52.0,23,0,6988.0
18.4,60.3,0,0,6435.0
16.5,71.1,1,1,4363.0
19.3,57.0,2,0,5848.0
34.0,45.9,3,0,5912.0
19.7,55.5,4,0,5770.0
20.9,81.2,5,0,5954.0
21.3,85.3,6,0,5926.0
27.7,29.7,7,0,6881.0
28.6,76.4,8,0,7595.0
0.6,63.8,9,0,7629.0
33.2,73.9,10,1,7660.0
36.5,51.7,11,0,10887.0
16.6,33.5,12,0,9660.0
17.2,68.8,13,0,10274.0
21.4,45.9,14,0,10544.0
19.0,39.2,15,0,10479.0
26.8,40.2,16,0,10522.0
9.4,69.0,17,0,9656.0
16.1,62.1,18,0,9651.0
37.3,71.7,19,1,8481.0
17.6,70.0,20,0,8272.0
34.9,53.7,21,0,8933.0
27.8,58.9,22,0,7246.0
10.5,52.3,23,0,6808.0
30.1,56.8,0,1,5111.0
24.1,45.5,1,0,5948.0
21.4,65.9,2,0,5717.0
27.0,76.1,3,0,5667.0
28.8,47.8,4,0,5610.0
30.7,79.2,5,0,6176.0
34.4,61.7,6,0,7259.0
28.3,63.6,7,0,6835.0
14.0,34.5,8,0,7162.0
21.2,32.9,9,0,8216.0
48.5,62.2,10,0,11848.0
30.8,71.8,11,0,9447.0
44.0,49.9,12,0,12049.0
36.2,85.1,13,0,11705.0
26.9,71.0,14,0,10350.0
27.4,46.4,15,0,10479.0
24.7,60.5,16,0,10196.0
11.1,97.2,17,0,10016.0
25.1,41.4,18,0,9999.0
34.7,67.9,19,0,10225.0
20.2,55.2,20,0,8607.0
28.3,70.6,21,0,8046.0
31.8,79.0,22,0,8460.0
17.7,54.2,23,0,6808.0
21.4,76.8,0,0,6137.0
16.9,93.3,1,0,5790.0
18.4,61.0,2,0,5838.0
14.7,71.8,3,0,5314.0
17.8,51.1,4,0,5772.0
36.4,60.3,5,0,7030.0
17.7,57.3,6,0,5931.0
26.0,72.0,7,0,6604.0
21.0,78.1,8,0,7384.0
34.4,58.4,9,0,9244.0
35.5,83.0,10,0,9927.0
31.9,83.0,11,0,9728.0
27.4,72.7,12,0,9891.0
23.2,52.3,13,0,10007.0
15.5,50.8,14,0,10025.0
40.5,47.8,15,0,12286.0
18.9,74.2,16,0,10017.0
30.3,41.8,17,1,9083.0
33.5,70.2,18,0,10680.0
20.6,43.8,19,0,9024.0
33.3,72.4,20,0,9446.0
31.1,60.3,21,0,8494.0
38.8,80.0,22,0,9177.0
21.2,77.1,23,0,6551.0
14.7,81.5,0,0,6423.0
21.0,81.9,1,0,5658.0
26.7,62.2,2,0,5837.0
25.5,42.6,3,0,5813.0
21.9,44.2,4,0,5548.0
9.7,28.7,5,0,6165.0
28.8,43.7,6,0,6103.0
40.8,61.0,7,0,8937.0
28.7,51.6,8,0,7774.0
29.9,57.3,9,0,8350.0
29.6,67.4,10,0,8819.0
28.2,55.4,11,0,9289.0
32.5,43.2,12,0,10244.0
28.2,59.2,13,0,10628.0
22.5,46.5,14,0,10201.0
18.6,55.9,15,0,10663.0
23.0,80.1,16,0,10170.0
27.5,55.9,17,0,10398.0
22.5,86.6,18,0,10100.0
27.5,81.5,19,0,9277.0
28.5,51.3,20,0,8755.0
31.7,43.3,21,0,8358.0
35.3,59.2,22,0,8253.0
25.6,77.3,23,0,6860.0
14.5,52.6,0,0,6595.0
22.2,73.6,1,1,4312.0
25.4,78.1,2,0,6123.0
10.3,48.4,3,0,5478.0
36.1,49.9,4,0,6944.0
26.1,70.7,5,0,5968.0
28.1,62.3,6,0,6290.0
35.9,49.7,7,0,7580.0
20.0,54.7,8,0,7255.0
29.6,58.9,9,0,8279.0
24.1,36.5,10,0,8602.0
23.5,71.5,11,0,9327.0
18.8,52.8,12,0,9848.0
38.3,20.0,13,0,11579.0
22.0,59.6,14,0,10126.0
30.6,48.9,15,0,11099.0
10.0,85.3,16,0,10047.0
34.4,51.2,17,0,10925.0
33.4,43.5,18,0,10340.0
25.8,67.6,19,0,9349.0
23.2,50.1,20,0,8885.0
28.2,48.3,21,0,7995.0
43.3,67.6,22,0,9721.0
10.9,44.4,23,0,6886.0
31.3,38.1,0,0,7152.0
17.7,85.9,1,0,5567.0
24.8,68.7,2,0,5831.0
23.0,56.0,3,0,5675.0
21.6,59.9,4,0,5608.0
24.9,67.6,5,0,5987.0
15.9,74.6,6,0,6451.0
33.2,48.7,7,0,7702.0
10.6,65.5,8,0,7811.0
29.3,52.4,9,0,8223.0
22.4,57.2,10,0,8627.0
15.6,62.4,11,0,9164.0
26.6,59.9,12,0,9808.0
12.5,71.0,13,0,10072.0
25.3,67.3,14,0,10321.0
13.6,37.4,15,0,10404.0
28.7,39.6,16,0,10395.0
17.6,54.5,17,0,9957.0
21.4,87.4,18,1,8281.0
27.4,47.2,19,0,9143.0
18.8,56.9,20,0,8744.0
24.5,52.0,21,0,8022.0
12.9,51.7,22,0,7302.0
30.0,62.7,23,0,7420.0
39.1,81.0,0,0,7950.0
47.3,66.8,1,0,8947.0
25.7,47.9,2,0,5542.0
31.3,100.0,3,0,5691.0
10.8,61.2,4,0,5568.0
37.0,51.3,5,0,6847.0
31.2,81.2,6,0,6737.0
21.1,53.0,7,0,7094.0
34.9,84.9,8,0,8232.0
23.0,46.9,9,0,7579.0
21.3,81.5,10,0,8921.0
28.8,63.0,11,0,9225.0
16.5,79.4,12,0,9694.0
33.2,88.5,13,0,11012.0
16.6,43.0,14,0,10423.0
16.6,79.1,15,0,10550.0
17.7,38.9,16,1,8998.0
31.1,44.3,17,0,10191.0
20.1,47.9,18,0,9414.0
14.2,67.6,19,0,9434.0
20.2,60.5,20,0,8465.0
24.7,57.5,21,0,7865.0
15.6,62.2,22,0,7126.0
15.8,68.9,23,0,6719.0
41.9,70.0,0,0,8317.0
18.1,76.4,1,0,5734.0
22.4,87.3,2,0,5471.0
22.1,59.7,3,0,5664.0
21.6,52.2,4,0,5520.0
30.0,69.2,5,0,6096.0
32.6,42.8,6,0,6553.0
22.6,49.8,7,0,7188.0
15.1,75.0,8,0,7567.0
35.2,58.1,9,0,8980.0
24.2,41.9,10,0,8441.0
38.8,37.7,11,0,10829.0
7.0,60.7,12,0,9694.0
26.6,77.1,13,0,9823.0
40.3,76.9,14,0,11660.0
22.2,61.7,15,0,10295.0
23.2,90.1,16,0,10006.0
27.4,58.4,17,0,10113.0
20.5,57.9,18,1,8233.0
22.5,21.5,19,0,9005.0
22.3,53.3,20,0,8514.0
20.0,72.8,21,0,8353.0
34.8,83.5,22,0,8558.0
28.7,47.5,23,0,6813.0
27.0,66.9,0,0,6761.0
31.5,75.7,1,0,6202.0
22.9,60.2,2,0,5519.0
18.8,25.8,3,0,5578.0
20.2,63.7,4,0,5376.0
25.0,71.4,5,0,6280.0
16.5,45.8,6,0,6340.0
21.0,56.2,7,0,6642.0
20.9,42.7,8,0,7468.0
42.0,21.4,9,0,10129.0
2.8,75.4,10,0,8560.0
23.6,59.9,11,0,8958.0
38.8,84.0,12,0,11031.0
26.0,72.9,13,0,10516.0
31.0,54.7,14,0,10502.0
25.8,58.8,15,0,10740.0
19.7,68.5,16,0,10149.0
7.1,74.5,17,0,10236.0
26.6,64.8,18,0,9790.0
18.8,76.6,19,1,7833.0
18.6,55.5,20,0,8768.0
21.0,45.0,21,0,7678.0
39.0,59.0,22,0,8887.0
44.2,63.1,23,0,8962.0
26.7,42.0,0,0,6341.0
21.3,39.9,1,0,5657.0
15.6,66.7,2,0,5286.0
28.7,53.9,3,0,5665.0
39.3,57.5,4,0,6929.0
23.0,54.6,5,0,5973.0
6.0,82.8,6,0,6051.0
30.4,78.9,7,0,6986.0
32.9,41.4,8,0,7655.0
12.3,52.0,9,0,8330.0
26.4,72.8,10,0,8329.0
28.6,69.0,11,0,9219.0
24.4,59.4,12,0,9339.0
18.7,42.9,13,0,9911.0
33.1,49.8,14,0,11438.0
21.8,52.2,15,0,10459.0
13.1,64.2,16,0,10173.0
8.6,85.6,17,0,10072.0
35.1,49.7,18,0,10648.0
29.9,44.6,19,0,9472.0
25.7,58.4,20,0,8770.0
21.5,75.5,21,0,7934.0
20.8,38.3,22,0,7423.0
16.4,81.8,23,0,6847.0
21.5,57.4,0,0,6238.0
8.0,49.0,1,0,5774.0
19.1,36.0,2,0,5577.0
22.5,70.6,3,0,5740.0
29.9,57.4,4,0,6120.0
24.7,62.6,5,0,5694.0
31.4,46.5,6,0,6755.0
35.8,55.2,7,0,7818.0
33.5,52.7,8,0,8359.0
28.8,58.5,9,0,8020.0
25.1,50.0,10,0,9061.0
17.2,37.0,11,0,9244.0
30.9,100.0,12,0,10371.0
38.4,39.5,13,0,11441.0
27.7,62.7,14,0,10321.0
40.3,33.4,15,0,12374.0
12.8,30.0,16,0,10112.0
15.8,61.5,17,0,10083.0
31.8,62.6,18,0,10484.0
27.1,78.9,19,0,9135.0
35.5,66.0,20,0,9577.0
24.9,57.8,21,0,8361.0
18.1,45.8,22,0,7144.0
23.3,82.5,23,0,6831.0
12.7,73.9,0,0,6161.0
16.0,41.3,1,0,5734.0
32.8,60.6,2,0,6547.0
32.0,62.2,3,0,6156.0
27.9,54.8,4,0,5763.0
11.2,71.6,5,0,5471.0
22.1,72.5,6,0,6404.0
15.2,57.1,7,0,6656.0
34.4,55.8,8,0,7965.0
20.3,82.5,9,0,8377.0
16.3,74.0,10,0,8741.0
25.2,61.1,11,0,9245.0
19.9,35.6,12,0,9947.0
36.9,65.2,13,0,11458.0
19.1,70.5,14,0,10158.0
13.8,20.0,15,0,10365.0
7.8,63.8,16,0,10183.0
24.8,53.7,17,0,9978.0
20.5,56.7,18,0,9446.0
13.6,46.4,19,0,9006.0
34.5,57.8,20,0,9777.0
30.3,80.9,21,0,8417.0
24.8,53.3,22,0,7278.0
35.9,74.5,23,0,7782.0
30.3,47.9,0,0,6567.0
18.4,71.4,1,0,5585.0
16.7,60.0,2,0,5707.0
31.5,65.3,3,0,6321.0
28.2,60.1,4,0,6181.0
26.4,69.6,5,0,5701.0
18.2,21.5,6,1,4984.0
29.9,38.7,7,0,6938.0
19.0,66.3,8,0,7153.0
24.2,29.3,9,0,7774.0
36.6,52.0,10,0,9936.0
19.7,59.2,11,0,9014.0
12.4,47.6,12,0,9576.0
16.6,49.6,13,0,9990.0
33.0,64.1,14,0,10913.0
27.0,75.1,15,0,10237.0
24.0,45.6,16,0,9832.0
20.9,51.4,17,1,8596.0
28.9,49.0,18,0,9843.0
18.2,23.7,19,0,9041.0
27.4,62.1,20,0,8693.0
19.1,74.0,21,0,8279.0
17.8,75.2,22,0,7384.0
19.9,46.9,23,1,5566.0
22.0,41.2,0,0,6751.0
24.6,60.3,1,1,4928.0
26.9,72.4,2,0,5444.0
-4.5,62.3,3,0,5363.0
18.5,64.3,4,0,5593.0
21.9,77.1,5,0,5947.0
37.0,48.9,6,0,7976.0
16.4,56.7,7,0,6925.0
26.3,84.5,8,0,7138.0
37.0,57.0,9,0,9222.0
14.5,41.0,10,0,8613.0
28.2,50.0,11,0,8925.0
18.6,45.9,12,0,9700.0
21.0,65.4,13,0,9841.0
18.6,46.6,14,0,9988.0
19.1,64.1,15,0,10211.0
46.8,49.0,16,0,13217.0
31.8,28.1,17,0,10723.0
33.8,64.6,18,0,10588.0
28.9,62.2,19,0,9539.0
12.1,67.8,20,0,8798.0
28.2,49.9,21,0,8065.0
33.6,48.3,22,0,8230.0
18.2,66.0,23,0,6826.0
32.7,82.8,0,0,6982.0
30.6,60.2,1,0,5882.0
39.8,66.4,2,0,7681.0
21.7,55.2,3,0,5680.0
16.2,36.8,4,0,5439.0
22.1,74.5,5,0,6207.0
36.5,73.6,6,0,7458.0
10.4,70.7,7,0,6778.0
8.5,57.3,8,0,7584.0
25.7,69.0,9,0,8044.0
21.5,73.4,10,0,8888.0
25.1,84.3,11,0,9130.0
32.6,74.8,12,0,10720.0
20.6,61.0,13,0,9923.0
10.0,40.4,14,0,10582.0
41.4,62.3,15,0,11950.0
17.0,63.8,16,0,10098.0
16.5,70.6,17,0,10138.0
33.8,80.3,18,0,10491.0
21.9,58.6,19,0,9185.0
24.5,91.5,20,0,8629.0
28.9,33.6,21,0,7891.0
33.7,66.3,22,0,8006.0
22.3,48.0,23,0,6846.0
37.2,31.4,0,0,7544.0
7.9,57.0,1,0,6190.0
31.1,38.1,2,0,6105.0
18.3,57.6,3,0,5744.0
36.0,60.5,4,0,6967.0
26.1,76.8,5,0,5801.0
19.6,37.4,6,0,5907.0
30.3,73.6,7,0,7382.0
32.1,61.5,8,0,7805.0
30.1,75.4,9,0,8240.0
16.8,53.5,10,0,8591.0
21.1,40.0,11,0,9190.0
25.0,41.7,12,0,9889.0
24.7,40.6,13,0,10080.0
31.0,67.2,14,0,10742.0
8.9,82.2,15,0,10604.0
27.7,51.5,16,0,10438.0
22.7,69.4,17,0,9931.0
18.3,37.1,18,0,9468.0
19.1,62.7,19,0,9035.0
23.3,70.0,20,0,8611.0
-3.8,38.3,21,0,7751.0
19.4,56.9,22,0,7397.0
18.0,70.7,23,0,6774.0
29.3,20.0,0,0,5984.0
18.6,80.0,1,0,5640.0
23.3,65.3,2,0,5105.0
37.3,70.8,3,0,6932.0
33.0,53.8,4,0,6640.0
32.2,34.2,5,0,6176.0
21.0,68.0,6,0,6038.0
29.3,58.8,7,0,6969.0
23.1,60.5,8,0,7166.0
23.4,76.3,9,0,7786.0
28.3,71.4,10,0,8771.0
20.2,88.8,11,0,9101.0
36.9,62.3,12,0,10741.0
23.7,49.6,13,0,9661.0
29.9,57.2,14,0,11052.0
36.6,66.2,15,0,11922.0
33.3,75.2,16,0,11016.0
13.7,38.0,17,0,10096.0
28.6,60.1,18,0,9683.0
31.8,84.1,19,1,8373.0
32.1,56.4,20,0,9071.0
16.1,74.0,21,0,7891.0
19.7,67.4,22,0,7470.0
33.0,74.3,23,0,7834.0
18.9,47.9,0,0,6451.0
22.6,47.9,1,0,6168.0
37.6,60.3,2,0,7060.0
24.6,37.0,3,0,5475.0
19.2,56.0,4,0,5294.0
18.0,63.8,5,0,5936.0
27.7,86.8,6,0,6379.0
14.3,66.0,7,0,6740.0
23.0,69.4,8,0,7223.0
27.7,77.5,9,0,8249.0
35.4,45.5,10,0,9857.0
30.3,57.5,11,0,9814.0
19.3,96.4,12,0,9506.0
34.4,58.8,13,0,10901.0
22.6,76.7,14,0,10559.0
15.1,74.5,15,0,10391.0
23.6,37.8,16,0,10204.0
36.5,64.7,17,0,11254.0
26.3,62.2,18,0,9695.0
25.1,64.9,19,0,9401.0
38.1,48.7,20,0,10104.0
13.5,43.2,21,0,8158.0
14.7,52.9,22,0,7472.0
12.1,58.5,23,0,6624.0
28.0,77.8,0,1,4627.0
26.3,87.3,1,0,5831.0
37.3,80.9,2,0,6816.0
26.9,72.9,3,0,5497.0
21.8,44.9,4,0,5984.0
25.0,53.9,5,0,5915.0
25.9,63.1,6,0,6150.0
11.6,50.5,7,0,7183.0
46.7,68.7,8,0,9995.0
29.2,70.8,9,0,7981.0
26.7,68.0,10,0,8867.0
29.9,75.4,11,0,9620.0
30.7,46.4,12,0,10072.0
23.9,74.0,13,0,10245.0
20.0,49.6,14,0,10378.0
29.8,45.9,15,0,10432.0
28.1,68.0,16,0,9852.0
18.5,78.2,17,0,9965.0
36.4,67.3,18,0,11167.0
27.3,60.3,19,0,9114.0
30.8,64.7,20,0,9139.0
36.1,62.0,21,0,9257.0
25.2,43.1,22,0,7040.0
27.5,41.4,23,0,6719.0
31.5,58.8,0,0,6897.0
19.2,61.2,1,0,5764.0
25.4,60.2,2,0,5609.0
26.0,70.1,3,0,5678.0
17.4,56.8,4,0,5696.0
43.5,68.4,5,0,8462.0
13.7,57.8,6,1,4880.0
14.6,87.4,7,0,6609.0
35.5,61.2,8,1,6910.0
30.7,95.1,9,0,8410.0
16.8,65.3,10,1,7389.0
29.9,56.8,11,0,9384.0
36.7,46.5,12,0,10662.0
24.8,38.4,13,0,10167.0
45.8,45.1,14,0,12836.0
11.2,46.8,15,0,10143.0
30.6,65.9,16,0,10705.0
34.3,52.1,17,0,11223.0
32.1,62.8,18,0,10202.0
23.4,79.2,19,0,9299.0
22.7,58.7,20,0,8758.0
28.6,91.2,21,0,8241.0
31.5,42.4,22,0,7761.0
29.8,57.7,23,0,6849.0
33.3,51.9,0,0,6904.0
16.8,74.0,1,1,4580.0
23.2,26.4,2,0,5815.0
17.5,38.4,3,1,3909.0
21.9,58.4,4,0,6108.0
33.1,83.3,5,0,6475.0
25.9,63.4,6,0,6503.0
45.9,39.7,7,0,9782.0
26.5,42.0,8,0,7401.0
25.5,85.1,9,0,7846.0
25.8,50.7,10,0,8472.0
19.9,45.9,11,0,9148.0
24.5,82.2,12,0,9913.0
34.0,75.2,13,0,10742.0
25.9,79.1,14,0,9950.0
18.7,45.7,15,0,10472.0
17.6,37.1,16,0,10435.0
21.4,62.0,17,0,10472.0
25.6,65.0,18,0,9421.0
34.5,65.5,19,1,8655.0
14.3,82.2,20,0,8854.0
22.4,34.0,21,0,8024.0
26.2,72.9,22,0,7340.0
10.3,43.6,23,0,6958.0
18.3,72.8,0,0,6183.0
19.6,52.9,1,0,6092.0
18.6,47.8,2,0,5431.0
26.5,50.9,3,0,5296.0
23.7,38.3,4,0,5627.0
20.6,60.6,5,0,5409.0
28.4,48.4,6,0,6383.0
38.8,71.8,7,0,8071.0
38.1,69.6,8,0,8952.0
9.6,85.3,9,0,8037.0
29.6,65.5,10,0,8850.0
23.6,67.8,11,0,9287.0
26.2,81.0,12,0,9738.0
21.8,50.6,13,0,10020.0
25.9,37.7,14,0,10684.0
26.2,63.0,15,0,10479.0
20.4,38.7,16,0,10473.0
17.8,96.8,17,0,10293.0
21.4,81.8,18,0,9831.0
26.9,92.5,19,0,9613.0
29.8,60.9,20,0,8923.0
31.8,68.3,21,0,8573.0
21.0,53.1,22,0,7249.0
27.3,73.2,23,0,6749.0
32.7,41.8,0,0,6862.0
34.3,21.9,1,0,7006.0
24.5,48.1,2,0,5499.0
23.2,38.2,3,0,5615.0
26.5,82.2,4,0,5794.0
15.8,87.2,5,0,5952.0
23.5,39.0,6,0,6124.0
31.0,79.4,7,0,7383.0
30.1,74.3,8,0,7682.0
22.8,36.5,9,0,7425.0
26.7,54.1,10,0,8424.0
18.4,51.3,11,0,9480.0
30.6,71.2,12,0,10388.0
24.4,41.6,13,0,10184.0
22.8,58.5,14,0,10475.0
22.1,49.7,15,0,10244.0
24.5,67.1,16,0,10266.0
21.4,56.7,17,0,10326.0
30.3,52.0,18,0,10122.0
21.8,56.8,19,0,9213.0
37.7,90.5,20,0,10045.0
36.7,53.7,21,0,9543.0
17.9,44.4,22,0,7603.0
25.6,68.8,23,0,6930.0
19.8,57.8,0,0,6316.0
22.4,38.8,1,0,5850.0
41.0,93.5,2,0,7773.0
22.5,54.7,3,0,5380.0
27.9,54.3,4,0,5503.0
29.3,62.4,5,0,5831.0
17.0,86.0,6,0,6550.0
18.2,34.8,7,0,6656.0
15.4,64.1,8,0,7460.0
17.9,91.3,9,0,7975.0
2.2,61.9,10,0,9201.0
29.4,41.5,11,0,9492.0
41.4,50.7,12,0,11340.0
26.2,63.1,13,0,10314.0
13.7,80.0,14,0,10241.0
19.9,54.9,15,0,10360.0
21.3,72.4,16,0,10184.0
16.9,38.5,17,0,10118.0
31.9,38.3,18,0,10316.0
31.5,52.8,19,0,9593.0
15.8,81.6,20,0,8520.0
30.8,61.0,21,0,8440.0
37.2,64.3,22,0,8292.0
40.2,64.2,23,0,8345.0
47.9,76.6,0,0,9625.0
17.8,50.8,1,0,5987.0
47.6,70.3,2,0,8516.0
22.2,47.5,3,0,5261.0
20.3,89.7,4,0,5671.0
27.6,48.0,5,0,6119.0
20.3,46.8,6,0,6831.0
28.2,68.2,7,0,7207.0
14.4,61.2,8,0,7201.0
23.1,64.9,9,0,7901.0
35.3,63.4,10,0,9420.0
24.5,43.6,11,0,9032.0
26.1,84.2,12,0,9654.0
28.8,73.4,13,0,10125.0
34.4,80.4,14,0,11684.0
11.8,52.1,15,0,10137.0
29.7,66.2,16,0,10561.0
22.9,63.0,17,0,9666.0
26.3,76.9,18,0,9763.0
33.5,77.4,19,1,8254.0
15.4,62.9,20,0,8842.0
16.9,37.2,21,0,7942.0
9.5,86.7,22,0,7098.0
20.6,68.3,23,0,6379.0
35.6,50.9,0,0,7254.0
24.0,66.1,1,0,5969.0
14.3,37.3,2,0,5766.0
21.1,75.8,3,0,5500.0
13.1,37.9,4,0,5867.0
16.0,56.7,5,0,5694.0
28.1,63.7,6,0,5734.0
15.6,75.6,7,0,6857.0
33.9,61.6,8,0,8522.0
24.4,69.5,9,0,8260.0
25.7,59.6,10,0,8361.0
22.8,59.5,11,0,9091.0
31.2,61.3,12,0,10319.0
31.3,57.2,13,0,10443.0
27.7,34.7,14,0,10339.0
29.5,48.5,15,0,10484.0
23.3,63.7,16,0,10100.0
29.3,56.3,17,0,10100.0
22.3,57.7,18,0,9888.0
25.0,55.1,19,0,9203.0
22.8,47.0,20,0,8876.0
21.3,52.6,21,0,8104.0
19.5,55.4,22,0,7700.0
28.7,60.1,23,0,7075.0
35.5,65.9,0,0,7578.0
34.4,57.3,1,0,6853.0
14.9,44.6,2,0,6284.0
35.3,39.0,3,0,6720.0
22.5,99.0,4,0,5287.0
29.8,43.1,5,0,6246.0
17.8,52.2,6,0,6106.0
26.1,67.8,7,0,7003.0
27.5,65.4,8,0,7524.0
13.1,67.8,9,0,7962.0
29.9,53.4,10,0,8724.0
35.8,63.6,11,0,10394.0
23.6,60.9,12,0,9569.0
35.9,55.3,13,0,11418.0
23.5,63.7,14,0,10429.0
31.8,75.8,15,0,11557.0
7.3,59.7,16,0,10229.0
44.4,59.8,17,0,12470.0
37.0,76.0,18,0,11011.0
22.7,74.4,19,0,9178.0
9.2,83.8,20,0,8827.0
27.3,33.7,21,0,7945.0
13.4,73.6,22,0,7773.0
28.6,69.0,23,0,7000.0
28.3,46.7,0,0,6250.0
17.5,63.8,1,0,5773.0
34.0,75.8,2,0,6785.0
31.4,47.6,3,0,6122.0
32.8,66.6,4,0,6405.0
25.1,73.1,5,0,5802.0
13.7,43.9,6,0,6291.0
32.8,57.9,7,0,7396.0
22.8,64.5,8,0,7651.0
13.9,48.1,9,0,8143.0
35.8,46.8,10,0,9759.0
41.8,58.0,11,0,11231.0
24.7,72.0,12,0,9715.0
42.3,69.7,13,0,12218.0
25.7,47.1,14,0,10127.0
22.0,69.8,15,0,10020.0
20.0,47.5,16,0,10159.0
38.1,35.8,17,0,11567.0
18.8,54.5,18,0,9549.0
30.9,76.8,19,0,9796.0
20.5,69.8,20,0,8575.0
21.3,60.0,21,0,8375.0
33.2,53.7,22,0,8053.0
22.0,54.2,23,0,6828.0
21.8,61.6,0,0,6245.0
34.1,44.0,1,0,6919.0
37.8,54.8,2,0,7362.0
30.2,56.8,3,0,6045.0
19.8,39.7,4,0,5276.0
20.9,47.4,5,0,6022.0
25.6,66.2,6,0,6101.0
27.6,60.1,7,0,6738.0
17.1,55.4,8,0,7517.0
30.8,46.3,9,0,8194.0
25.7,83.7,10,0,8852.0
11.3,47.4,11,0,9129.0
17.6,63.8,12,0,10131.0
21.0,52.7,13,0,10092.0
24.4,60.5,14,0,10659.0
40.1,66.9,15,0,12457.0
26.9,39.4,16,0,10196.0
18.3,59.9,17,0,9818.0
26.8,77.9,18,0,9720.0
22.2,86.4,19,0,9083.0
27.6,58.0,20,0,8937.0
29.6,60.6,21,0,8197.0
34.7,93.2,22,0,8320.0
24.8,77.0,23,0,6521.0
38.1,50.7,0,0,7904.0
32.3,50.7,1,0,6326.0
19.3,74.3,2,0,5770.0
42.7,44.8,3,0,7918.0
27.6,76.3,4,0,5532.0
18.3,65.0,5,0,6113.0
38.2,67.8,6,0,7781.0
41.6,56.1,7,0,8549.0
24.7,50.6,8,0,7688.0
21.0,81.9,9,1,6315.0
23.6,56.3,10,0,8723.0
30.7,53.8,11,0,9693.0
35.2,58.8,12,0,10858.0
29.6,62.9,13,0,10387.0
25.8,44.5,14,0,10124.0
37.0,51.5,15,0,12086.0
22.5,50.7,16,0,10509.0
33.2,72.7,17,0,10961.0
22.7,46.7,18,0,9430.0
28.4,33.7,19,0,9072.0
24.1,30.5,20,0,8753.0
24.6,37.9,21,0,7599.0
22.0,80.4,22,0,7447.0
35.8,60.2,23,0,7698.0
19.1,67.5,0,0,6129.0
19.1,68.0,1,0,5639.0
42.0,60.8,2,0,7826.0
32.8,58.9,3,0,6547.0
5.9,75.7,4,0,5751.0
20.5,62.2,5,1,4513.0
10.5,81.0,6,0,6337.0
17.4,69.3,7,0,6937.0
-0.1,50.7,8,0,7472.0
23.9,52.5,9,0,7457.0
15.9,49.1,10,0,8802.0
25.5,78.3,11,0,9360.0
12.0,53.9,12,0,9625.0
25.7,48.0,13,0,9684.0
21.7,64.8,14,0,10367.0
37.0,58.5,15,0,11818.0
36.3,64.4,16,0,11474.0
31.3,88.3,17,1,9108.0
22.4,73.7,18,0,9911.0
40.9,60.4,19,0,11612.0
12.6,38.9,20,0,8651.0
13.8,52.5,21,0,8067.0
24.3,70.7,22,0,7214.0
43.0,42.4,23,0,8955.0
23.4,92.1,0,0,6276.0
23.5,60.2,1,0,6157.0
13.5,60.7,2,0,5846.0
32.6,50.0,3,0,6671.0
32.6,67.5,4,0,6078.0
31.3,42.6,5,0,6154.0
20.0,92.5,6,0,6523.0
19.3,79.8,7,0,7090.0
14.7,74.8,8,0,7385.0
25.7,39.1,9,0,7107.0
16.4,63.1,10,0,8472.0
15.6,78.1,11,0,9267.0
21.6,68.9,12,0,9517.0
21.1,45.0,13,1,8615.0
20.7,50.2,14,0,10698.0
28.7,53.2,15,0,10795.0
25.6,50.9,16,0,10480.0
22.7,82.9,17,0,10066.0
26.5,31.2,18,0,9598.0
17.1,69.8,19,0,9352.0
25.8,40.6,20,0,8626.0
26.2,45.6,21,0,8012.0
13.0,29.9,22,0,7069.0
33.0,51.8,23,0,7402.0
17.9,82.7,0,0,6453.0
25.7,64.0,1,0,5701.0
34.3,42.0,2,0,6682.0
32.4,75.3,3,0,6343.0
25.3,78.5,4,0,5776.0
22.1,61.6,5,0,6034.0
32.6,90.5,6,0,7116.0
30.4,72.3,7,0,7035.0
20.1,70.2,8,0,7085.0
18.6,47.9,9,0,7825.0
8.4,69.4,10,0,8767.0
26.2,63.3,11,0,8960.0
24.3,67.8,12,0,9489.0
34.1,49.7,13,0,10783.0
27.9,61.9,14,0,9949.0
35.7,47.7,15,0,11322.0
19.4,27.8,16,0,10518.0
34.1,75.0,17,1,9351.0
20.8,37.5,18,0,9347.0
31.2,61.6,19,0,9581.0
13.3,65.0,20,0,8723.0
26.9,64.9,21,0,7634.0
9.1,55.8,22,0,7569.0
22.9,64.1,23,0,6512.0
28.5,67.1,0,0,6302.0
20.8,71.0,1,0,5840.0
16.6,86.0,2,0,5569.0
31.8,63.5,3,0,6152.0
24.2,61.0,4,0,5837.0
21.1,46.4,5,0,5913.0
25.3,66.5,6,0,6182.0
46.1,70.0,7,0,9605.0
34.2,57.1,8,0,8354.0
34.3,68.2,9,0,8811.0
28.5,55.6,10,0,8702.0
26.3,70.1,11,0,9050.0
5.8,73.7,12,0,9524.0
19.6,73.5,13,0,10240.0
21.2,61.8,14,0,10408.0
10.0,44.4,15,0,10554.0
15.7,50.8,16,0,10445.0
9.2,68.9,17,0,9901.0
24.7,96.7,18,0,9897.0
31.6,54.9,19,0,9673.0
33.9,66.8,20,0,9685.0
28.3,51.7,21,1,6523.0
17.3,45.4,22,0,7441.0
9.5,49.9,23,0,6869.0
10.9,28.8,0,0,6466.0
14.8,80.3,1,0,5595.0
17.9,26.5,2,0,5366.0
23.7,56.0,3,0,5734.0
16.9,42.3,4,0,5753.0
27.7,46.7,5,0,5766.0
23.1,80.6,6,0,6376.0
25.1,63.0,7,0,6518.0
34.1,45.5,8,0,8950.0
15.6,51.2,9,0,8262.0
28.3,48.5,10,0,8798.0
24.9,59.3,11,0,9215.0
22.3,62.6,12,0,9573.0
32.1,88.4,13,0,10429.0
32.0,31.3,14,0,10900.0
17.4,59.5,15,0,10228.0
23.5,55.3,16,0,10158.0
27.2,74.2,17,0,9795.0
22.8,65.3,18,0,9747.0
29.7,68.9,19,0,9377.0
27.2,65.2,20,0,8728.0
39.7,46.0,21,0,9840.0
12.8,78.2,22,0,7425.0
24.0,72.0,23,0,7332.0
17.7,73.7,0,0,6468.0
29.8,79.0,1,0,5944.0
12.1,66.3,2,0,5774.0
27.8,82.2,3,0,5589.0
20.0,65.7,4,0,5413.0
19.1,56.7,5,0,5637.0
13.4,59.9,6,0,6394.0
21.3,59.6,7,0,6940.0
33.7,52.2,8,0,8021.0
24.8,84.5,9,0,8194.0
30.0,64.4,10,0,8981.0
38.3,61.4,11,0,10987.0
27.1,65.8,12,0,9915.0
20.5,100.0,13,0,10047.0
28.7,43.0,14,0,10756.0
20.6,47.3,15,0,10175.0
21.0,39.3,16,1,9296.0
12.8,56.5,17,0,9903.0
32.4,63.7,18,0,10349.0
21.9,53.0,19,0,9087.0
26.5,51.9,20,0,8546.0
16.7,62.1,21,0,8585.0
28.5,52.5,22,0,7359.0
18.9,64.7,23,0,6970.0
23.9,76.7,0,0,6256.0
32.0,70.2,1,0,6712.0
31.3,73.2,2,0,6072.0
24.8,76.3,3,0,5651.0
10.9,64.2,4,0,5808.0
48.9,57.6,5,0,8919.0
39.0,48.4,6,0,8500.0
30.8,54.1,7,0,7353.0
19.0,52.1,8,0,7334.0
24.1,71.0,9,0,7861.0
20.7,65.2,10,0,8640.0
35.1,70.5,11,1,8523.0
27.1,42.6,12,0,10054.0
18.7,81.5,13,0,10165.0
21.2,53.6,14,0,10301.0
34.0,43.5,15,0,11505.0
37.8,53.4,16,0,11644.0
37.2,97.3,17,0,11231.0
31.1,54.2,18,0,10129.0
23.0,55.1,19,1,7726.0
-0.9,57.1,20,0,8727.0
27.4,57.8,21,0,7705.0
25.0,48.3,22,0,7288.0
26.1,62.1,23,0,6183.0
25.4,76.1,0,0,6066.0
14.4,64.7,1,0,6065.0
29.5,43.3,2,0,6093.0
30.1,54.8,3,0,5680.0
30.5,51.7,4,0,5986.0
32.6,60.8,5,0,6613.0
29.8,80.0,6,0,6793.0
21.7,57.8,7,0,7106.0
24.4,58.7,8,0,7409.0
25.7,86.7,9,0,7948.0
25.9,73.1,10,0,8332.0
33.0,68.6,11,0,9969.0
30.1,89.4,12,0,10434.0
41.6,67.3,13,0,12379.0
42.7,30.2,14,0,12551.0
25.6,72.5,15,0,10461.0
-5.7,36.1,16,0,10181.0
34.9,66.8,17,0,11041.0
20.7,34.3,18,1,8227.0
18.6,53.0,19,0,9230.0
21.8,54.5,20,0,8823.0
21.4,48.4,21,0,8192.0
29.9,54.8,22,0,7768.0
12.5,75.5,23,0,6600.0
16.4,49.3,0,0,6111.0
27.7,68.2,1,0,5744.0
30.0,45.5,2,0,6026.0
30.1,57.2,3,0,5515.0
18.7,64.9,4,0,5681.0
17.2,45.1,5,0,6203.0
20.9,40.3,6,0,6436.0
26.9,67.4,7,0,6730.0
36.9,76.8,8,0,8572.0
8.6,58.8,9,0,8161.0
23.2,53.1,10,0,8682.0
14.3,62.3,11,0,9151.0
11.8,60.8,12,0,9579.0
32.7,63.6,13,0,10804.0
29.4,22.1,14,0,10461.0
28.6,44.0,15,0,10646.0
32.4,47.3,16,0,11222.0
21.2,62.3,17,0,9805.0
21.5,62.8,18,1,7952.0
42.5,69.5,19,0,11642.0
23.0,63.9,20,0,8654.0
30.9,40.5,21,0,8206.0
25.1,81.7,22,0,7575.0
10.2,79.1,23,0,6868.0
8.6,41.1,0,0,6744.0
20.4,65.0,1,0,5874.0
33.4,51.1,2,0,6721.0
31.3,62.1,3,0,5806.0
32.3,75.8,4,0,6608.0
17.1,92.0,5,0,6110.0
37.9,71.3,6,0,8113.0
17.3,64.4,7,0,7022.0
26.7,54.9,8,0,7359.0
24.9,62.7,9,0,7766.0
23.6,80.4,10,0,8501.0
35.7,59.3,11,0,10004.0
19.4,46.7,12,0,9513.0
14.2,35.7,13,0,10164.0
25.2,67.7,14,0,10309.0
21.8,63.7,15,0,10355.0
52.0,50.3,16,0,13762.0
30.4,75.4,17,0,10086.0
21.7,53.7,18,0,9733.0
16.6,58.0,19,0,9276.0
10.0,59.8,20,0,8423.0
16.8,54.7,21,0,7893.0
25.9,63.5,22,0,7687.0
36.4,77.3,23,0,8295.0
34.0,42.9,0,0,6902.0
26.8,67.3,1,0,5905.0
22.4,62.6,2,0,5973.0
27.2,62.3,3,0,5557.0
20.9,73.1,4,1,4128.0
38.7,60.7,5,0,7752.0
23.5,67.2,6,0,6500.0
24.3,70.7,7,0,6987.0
7.3,52.4,8,0,7326.0
23.4,64.5,9,0,8133.0
31.7,56.2,10,0,9474.0
16.5,58.0,11,0,9190.0
19.0,55.2,12,0,9616.0
31.3,67.1,13,0,10826.0
13.2,61.2,14,0,10727.0
33.5,65.9,15,0,11642.0
20.7,59.7,16,0,10243.0
21.9,35.9,17,0,10024.0
16.0,60.5,18,0,9491.0
28.0,61.0,19,0,9227.0
44.7,63.6,20,0,10908.0
31.3,51.1,21,1,6882.0
18.1,42.1,22,0,7519.0
34.1,69.4,23,0,7791.0
22.5,55.9,0,0,5941.0
36.0,62.6,1,0,7435.0
31.5,55.8,2,0,5982.0
1.5,59.9,3,0,5408.0
17.0,53.3,4,0,5434.0
32.6,45.5,5,0,6473.0
26.2,67.1,6,0,6124.0
16.8,51.0,7,0,6626.0
19.9,62.5,8,0,6886.0
9.8,66.2,9,0,8026.0
24.3,51.2,10,0,8668.0
42.7,41.9,11,0,11852.0
31.4,96.4,12,1,8810.0
42.5,52.1,13,0,12158.0
32.1,69.4,14,0,10687.0
33.2,89.1,15,0,11164.0
40.8,71.8,16,0,12327.0
28.0,55.5,17,0,9981.0
23.5,59.0,18,0,9709.0
33.3,47.5,19,0,10369.0
36.6,73.2,20,0,9839.0
21.2,68.5,21,0,7623.0
19.2,52.3,22,0,7554.0
26.1,44.4,23,0,6863.0
31.7,40.2,0,0,6509.0
31.4,74.8,1,0,6515.0
13.6,61.8,2,0,5482.0
40.3,63.2,3,0,7532.0
19.9,47.7,4,0,6063.0
22.9,38.0,5,1,4386.0
17.8,74.4,6,0,6520.0
46.6,60.6,7,0,9342.0
26.9,73.6,8,0,7075.0
18.2,54.2,9,0,8403.0
31.9,56.4,10,0,9269.0
31.2,70.7,11,0,9800.0
23.5,71.0,12,0,9927.0
31.7,72.0,13,0,10532.0
18.4,55.6,14,0,10483.0
21.1,69.2,15,0,10535.0
8.9,76.6,16,0,10059.0
14.4,58.4,17,0,10381.0
39.5,52.3,18,0,11678.0
38.1,80.1,19,0,10463.0
25.5,50.2,20,0,8661.0
38.3,69.4,21,0,9499.0
23.7,59.1,22,0,7662.0
23.1,32.4,23,0,6518.0
25.5,76.9,0,0,7023.0
24.0,20.0,1,0,5887.0
23.3,30.2,2,0,5829.0
34.1,67.9,3,0,6800.0
26.2,67.9,4,0,5643.0
30.7,50.4,5,0,6304.0
33.3,62.2,6,0,6990.0
28.1,22.0,7,0,6639.0
17.2,70.6,8,0,7433.0
14.2,63.7,9,0,7973.0
26.2,59.3,10,0,8519.0
23.6,60.3,11,0,9110.0
25.7,67.4,12,1,8312.0
24.9,59.6,13,0,9919.0
45.7,31.9,14,0,12919.0
14.4,92.9,15,0,10580.0
9.1,78.0,16,0,10368.0
27.7,40.7,17,0,9869.0
22.0,54.8,18,0,9692.0
27.5,56.5,19,0,9287.0
29.7,76.2,20,0,9070.0
35.3,27.6,21,0,8940.0
12.9,52.5,22,0,7267.0
20.5,33.6,23,0,6661.0
28.4,55.7,0,0,6238.0
31.2,52.9,1,0,6477.0
42.5,61.2,2,0,7983.0
32.6,50.9,3,0,6507.0
24.5,48.7,4,0,5664.0
17.9,69.3,5,0,5640.0
20.5,66.8,6,0,6437.0
20.3,68.3,7,0,6832.0
30.2,57.3,8,0,7727.0
27.1,51.4,9,0,7743.0
14.4,58.2,10,0,8582.0
21.5,67.5,11,0,8961.0
32.0,27.3,12,0,10397.0
27.8,65.9,13,0,9992.0
29.5,64.6,14,1,8947.0
28.1,60.9,15,0,10102.0
38.0,57.8,16,0,12025.0
26.9,21.5,17,0,10027.0
21.9,53.4,18,0,9714.0
17.7,86.8,19,0,9053.0
27.0,60.2,20,0,8291.0
5.5,55.4,21,0,7894.0
23.5,60.3,22,0,7305.0
23.4,65.3,23,0,6859.0
14.1,69.9,0,0,6232.0
17.6,56.6,1,0,5778.0
31.5,66.4,2,0,5903.0
26.8,85.1,3,0,5610.0
25.8,75.1,4,0,5522.0
27.5,95.1,5,0,6186.0
25.7,50.1,6,0,6333.0
34.9,85.1,7,0,7954.0
26.0,48.1,8,0,7329.0
13.3,65.3,9,0,8040.0
38.0,71.0,10,0,9949.0
28.0,52.3,11,0,8964.0
20.3,61.3,12,0,9700.0
15.0,73.7,13,0,10193.0
28.2,49.3,14,0,9954.0
24.1,85.0,15,0,10300.0
37.6,39.2,16,0,12126.0
22.2,89.1,17,0,10174.0
18.3,75.0,18,0,10005.0
32.2,58.7,19,0,9698.0
32.4,54.0,20,0,9190.0
26.3,52.4,21,0,8193.0
30.4,58.0,22,0,7865.0
24.7,59.3,23,0,6781.0
26.9,78.8,0,0,6050.0
34.3,89.5,1,0,7101.0
30.0,63.0,2,1,4984.0
23.6,47.3,3,0,5286.0
35.8,51.8,4,0,7135.0
6.1,57.3,5,0,5828.0
41.4,44.5,6,0,8249.0
11.4,42.3,7,0,6854.0
20.0,91.5,8,0,7138.0
24.7,64.5,9,0,7993.0
23.8,47.5,10,0,8299.0
33.1,72.2,11,1,8553.0
16.5,42.3,12,0,10144.0
27.1,43.6,13,0,9951.0
20.4,48.0,14,0,10284.0
27.4,84.8,15,0,10376.0
24.5,56.2,16,0,10516.0
25.7,23.4,17,0,10160.0
20.6,78.2,18,0,9881.0
20.9,55.4,19,0,9099.0
27.3,32.3,20,0,8708.0
32.5,55.2,21,0,8009.0
20.2,67.8,22,0,7512.0
18.0,66.1,23,0,6556.0
29.9,87.0,0,0,6524.0
24.7,47.2,1,0,6071.0
31.6,60.7,2,0,5921.0
17.8,49.5,3,0,5818.0
10.8,36.9,4,0,5657.0
20.7,73.3,5,0,6212.0
18.9,66.9,6,1,4622.0
24.4,64.3,7,0,6437.0
19.9,66.4,8,0,7373.0
30.9,49.7,9,0,8557.0
22.7,44.9,10,0,8755.0
26.2,60.6,11,0,8973.0
26.3,77.4,12,1,7872.0
26.6,84.1,13,0,10016.0
24.8,71.9,14,0,10422.0
29.1,60.4,15,0,10656.0
18.6,64.0,16,0,10633.0
36.2,60.2,17,0,11233.0
23.1,44.6,18,0,9328.0
14.5,60.4,19,0,9439.0
26.5,40.0,20,0,8660.0
18.2,58.1,21,0,8056.0
30.3,84.5,22,0,7881.0
42.7,72.3,23,0,9254.0
18.7,46.2,0,0,6298.0
27.7,58.9,1,0,6157.0
11.0,47.5,2,0,5792.0
28.6,59.1,3,0,5564.0
17.9,75.6,4,0,5635.0
20.0,69.8,5,0,6045.0
16.2,97.3,6,0,6161.0
30.9,77.9,7,0,7406.0
33.1,63.1,8,0,8169.0
25.2,70.2,9,0,8076.0
18.1,57.0,10,0,8909.0
37.7,43.1,11,0,10729.0
19.0,79.6,12,0,9711.0
7.7,75.1,13,0,10062.0
28.7,56.4,14,0,10391.0
16.2,64.1,15,0,10462.0
32.9,78.6,16,0,11327.0
22.0,72.7,17,0,9956.0
29.8,38.1,18,0,9834.0
36.2,63.7,19,0,10689.0
15.3,57.5,20,0,8508.0
20.5,76.7,21,0,8043.0
24.4,75.5,22,0,7260.0
37.3,79.8,23,0,7859.0
19.7,43.2,0,0,6343.0
20.2,48.2,1,0,6145.0
28.8,76.7,2,0,5793.0
20.4,51.1,3,0,5304.0
26.2,37.2,4,0,5704.0
12.6,68.0,5,0,5770.0
42.7,51.8,6,0,7986.0
14.2,86.8,7,0,6784.0
22.4,64.4,8,0,7482.0
24.7,62.4,9,0,8236.0
40.3,54.5,10,0,10818.0
14.4,83.9,11,1,7830.0
40.9,65.4,12,0,11814.0
31.1,53.9,13,0,10280.0
28.3,48.1,14,0,10693.0
17.1,58.9,15,0,10653.0
29.6,45.3,16,0,10480.0
19.2,75.4,17,0,10215.0
35.1,32.9,18,0,10883.0
17.2,57.9,19,0,9494.0
24.1,69.2,20,0,8591.0
20.6,65.1,21,0,7851.0
17.1,49.2,22,0,7281.0
30.9,69.9,23,0,7419.0
29.3,46.7,0,0,6112.0
34.7,59.7,1,0,6323.0
10.8,69.8,2,0,5861.0
33.5,66.9,3,0,6482.0
45.0,49.9,4,0,8242.0
21.4,78.0,5,0,5660.0
40.2,61.3,6,0,7785.0
22.9,71.1,7,0,6673.0
14.0,82.9,8,0,7451.0
22.6,76.8,9,0,7883.0
33.4,76.8,10,0,9609.0
18.3,62.9,11,0,9009.0
20.2,71.9,12,0,9593.0
29.7,63.2,13,0,10481.0
25.0,41.9,14,0,10243.0
29.7,64.5,15,0,10586.0
26.9,63.8,16,0,10190.0
28.8,68.8,17,1,8538.0
21.5,58.1,18,0,9768.0
26.9,48.6,19,0,9297.0
17.6,69.8,20,0,8667.0
35.3,40.3,21,0,8973.0
19.9,81.9,22,0,7339.0
34.0,56.5,23,0,8024.0
23.1,63.7,0,0,6019.0
26.6,68.4,1,0,6299.0
21.0,68.9,2,0,5702.0
16.9,38.9,3,0,5564.0
11.0,72.4,4,0,5872.0
16.6,64.5,5,0,5508.0
22.4,50.5,6,0,6579.0
26.7,48.8,7,0,7172.0
33.1,55.0,8,0,8359.0
21.4,40.5,9,0,7580.0
17.9,85.8,10,0,8774.0
13.5,82.3,11,0,9529.0
28.8,66.8,12,0,10132.0
36.1,56.6,13,0,11007.0
35.1,57.0,14,0,11591.0
30.7,71.4,15,0,11161.0
30.1,86.4,16,0,10640.0
38.6,51.4,17,0,11375.0
27.7,43.2,18,0,9863.0
30.2,83.2,19,0,9736.0
22.4,33.2,20,1,7093.0
14.1,44.9,21,0,7762.0
19.5,56.3,22,0,7575.0
24.9,36.6,23,0,6646.0
25.5,76.7,0,0,6382.0
40.4,72.9,1,0,8095.0
25.7,51.4,2,0,5350.0
34.4,79.2,3,0,6746.0
21.5,81.7,4,0,5640.0
22.5,58.3,5,0,5885.0
14.4,53.2,6,0,6406.0
19.1,93.9,7,0,6646.0
29.2,70.8,8,0,7326.0
25.1,63.8,9,0,7643.0
32.5,80.5,10,0,9549.0
26.5,64.5,11,0,9126.0
22.2,52.4,12,0,9811.0
42.2,61.2,13,0,12109.0
24.2,75.6,14,0,10086.0
34.3,30.1,15,0,11476.0
21.8,55.7,16,0,10384.0
30.7,80.7,17,0,10433.0
32.4,52.3,18,0,10421.0
26.7,83.2,19,0,9008.0
6.2,81.2,20,0,8833.0
25.1,59.0,21,0,8258.0
34.8,51.5,22,0,8557.0
29.2,55.7,23,0,6909.0
28.6,100.0,0,0,6400.0
11.2,88.1,1,0,6235.0
19.2,61.9,2,0,5938.0
28.3,50.9,3,0,6042.0
28.3,61.8,4,0,5568.0
34.7,63.7,5,0,6755.0
23.8,41.3,6,0,6330.0
28.2,61.2,7,0,6918.0
25.1,79.8,8,0,7350.0
17.1,33.0,9,0,7922.0
7.0,72.4,10,0,8875.0
28.4,80.6,11,0,9249.0
26.4,51.6,12,0,9454.0
20.1,85.4,13,0,9859.0
12.0,49.6,14,0,10368.0
30.0,66.6,15,0,11306.0
22.9,55.4,16,0,10123.0
29.5,55.4,17,0,10234.0
39.9,50.7,18,0,11965.0
7.9,70.5,19,0,9103.0
19.4,72.7,20,0,8712.0
23.3,59.0,21,0,8375.0
36.6,39.6,22,0,8484.0
11.9,66.0,23,0,6738.0
40.5,66.3,0,0,8079.0
26.1,56.7,1,0,5618.0
24.2,88.0,2,0,5996.0
23.4,36.5,3,0,5483.0
21.5,26.7,4,0,5507.0
33.4,49.0,5,0,6640.0
16.5,70.7,6,0,6489.0
27.8,44.2,7,0,6823.0
21.9,45.3,8,0,7221.0
18.9,74.3,9,0,8082.0
45.7,66.9,10,0,11437.0
28.4,65.7,11,0,9248.0
29.9,71.7,12,0,9936.0
34.1,53.6,13,0,11197.0
13.6,54.3,14,0,10282.0
39.0,72.1,15,1,10874.0
4.9,39.8,16,0,10167.0
18.8,27.9,17,0,9922.0
21.3,53.5,18,0,9516.0
29.7,74.0,19,0,9400.0
26.7,63.8,20,0,8622.0
23.7,72.9,21,0,7735.0
24.9,29.8,22,0,7398.0
17.2,64.7,23,0,6913.0
13.0,69.8,0,0,6010.0
30.8,39.7,1,0,6239.0
30.5,72.9,2,0,6178.0
37.7,58.3,3,0,6834.0
18.7,100.0,4,0,5619.0
30.5,27.3,5,0,6521.0
22.7,80.5,6,0,6662.0
34.5,54.1,7,0,7867.0
33.2,35.7,8,0,8121.0
26.7,52.1,9,0,7900.0
22.3,64.2,10,0,8803.0
32.7,75.6,11,0,10130.0
30.2,85.8,12,0,9792.0
19.5,81.3,13,0,10261.0
14.4,45.5,14,0,10197.0
22.7,77.0,15,0,10228.0
37.1,65.9,16,0,11656.0
34.2,50.2,17,0,11203.0
16.1,56.8,18,0,9759.0
15.7,49.4,19,0,9256.0
35.2,60.6,20,0,9771.0
15.9,49.1,21,0,8094.0
29.1,44.6,22,0,7517.0
20.1,67.2,23,0,6926.0
37.9,69.4,0,0,7661.0
18.8,57.2,1,0,6052.0
34.1,80.5,2,0,6775.0
26.5,56.1,3,0,5740.0
27.0,55.5,4,0,5832.0
9.2,69.9,5,1,4515.0
7.4,58.0,6,0,6538.0
23.2,61.3,7,0,6346.0
27.0,22.2,8,0,7550.0
16.0,60.3,9,0,8395.0
16.3,32.6,10,0,8497.0
29.5,41.7,11,0,9277.0
29.5,40.0,12,1,8680.0
23.9,44.4,13,0,9893.0
31.2,51.8,14,0,10671.0
15.6,52.7,15,0,10434.0
22.2,70.0,16,0,10158.0
38.2,63.3,17,0,11781.0
25.5,31.5,18,1,8039.0
26.0,61.2,19,0,9272.0
43.4,64.8,20,0,10995.0
13.8,55.1,21,0,8333.0
31.4,59.1,22,0,8118.0
38.3,62.9,23,0,8241.0
22.4,71.5,0,0,6050.0
31.9,36.4,1,0,6671.0
17.1,56.3,2,0,5551.0
19.5,82.6,3,0,5533.0
28.1,81.2,4,0,5482.0
31.4,72.8,5,0,6566.0
34.0,68.1,6,0,7069.0
37.6,84.8,7,0,8227.0
24.5,88.8,8,0,7375.0
34.5,58.1,9,0,9019.0
22.3,45.5,10,0,8753.0
32.2,55.9,11,0,9784.0
26.7,100.0,12,0,9549.0
28.6,36.5,13,0,9791.0
28.4,52.9,14,0,10397.0
12.2,38.8,15,0,10369.0
16.0,61.9,16,0,10176.0
25.8,42.0,17,0,10091.0
11.5,58.4,18,0,9868.0
31.6,30.7,19,0,9970.0
32.0,69.3,20,0,8910.0
27.6,78.3,21,0,7928.0
16.0,54.2,22,0,7571.0
36.0,58.0,23,0,8325.0
41.3,57.5,0,0,8134.0
26.2,62.7,1,0,6197.0
29.1,59.4,2,0,5574.0
26.6,71.5,3,0,5830.0
29.2,78.5,4,0,5812.0
24.0,47.8,5,0,6234.0
24.7,55.4,6,0,6210.0
32.2,73.5,7,0,7375.0
43.8,38.7,8,0,9717.0
13.8,30.4,9,0,7693.0
24.2,63.4,10,0,8269.0
15.6,67.4,11,0,9302.0
37.7,49.2,12,0,11355.0
20.3,51.3,13,0,10200.0
13.5,48.6,14,0,10067.0
30.1,47.0,15,0,10812.0
39.0,70.4,16,0,11763.0
30.3,42.3,17,0,10506.0
26.6,56.0,18,0,9923.0
28.3,46.4,19,1,7814.0
36.3,38.2,20,0,10163.0
18.0,73.1,21,0,7970.0
24.1,52.2,22,0,7336.0
21.4,62.8,23,0,6813.0
15.7,37.4,0,0,6034.0
22.4,48.9,1,0,5841.0
33.9,71.3,2,0,6498.0
29.5,98.8,3,0,5773.0
30.2,30.4,4,0,6059.0
26.2,57.0,5,1,4125.0
29.2,66.2,6,0,6252.0
18.6,50.8,7,0,7026.0
22.5,72.7,8,0,6977.0
26.5,47.0,9,0,8123.0
27.2,62.3,10,0,8546.0
27.6,52.2,11,0,9232.0
23.9,78.3,12,0,10009.0
22.0,49.9,13,0,10052.0
50.3,54.7,14,0,13783.0
32.3,74.2,15,0,11050.0
28.3,44.6,16,0,10342.0
23.1,61.0,17,0,10032.0
21.4,32.7,18,0,9837.0
24.0,43.7,19,0,9054.0
27.3,65.7,20,0,8395.0
10.0,45.1,21,0,8015.0
12.4,51.8,22,0,7417.0
19.9,67.4,23,0,6435.0
26.7,51.3,0,0,6301.0
23.1,72.3,1,0,5676.0
36.8,63.2,2,0,7131.0
13.1,66.5,3,0,5239.0
19.0,78.6,4,0,6067.0
37.2,64.8,5,0,7228.0
26.0,83.1,6,0,6130.0
32.1,73.7,7,0,7355.0
41.4,52.1,8,0,9502.0
19.4,79.4,9,0,8178.0
24.2,64.0,10,0,8566.0
22.8,54.1,11,0,8912.0
9.4,64.2,12,0,9455.0
22.5,76.7,13,0,10136.0
32.0,66.8,14,0,11123.0
29.3,87.3,15,0,10822.0
30.0,76.3,16,0,10645.0
22.0,67.8,17,0,10272.0
19.8,44.6,18,0,10080.0
35.2,57.3,19,0,10511.0
21.0,61.1,20,0,8806.0
27.4,70.4,21,0,7839.0
26.3,69.6,22,0,7571.0
36.7,62.5,23,0,8196.0
